experiment_seed,request_id,target_sku_id,brand_preference,min_ram_gb,min_storage_gb,eligible_substitute_skus,substitution_tolerance,requested_quantity,q_raw,quantity_cap,current_price,budget_factor,budget,deadline_days,price_flexibility,price_tolerance_pct,quantity_flexibility,quantity_tolerance_pct,timing_flexibility,timing_tolerance_days,on_hand,reserved,incoming_quantity,incoming_eta_days,incoming_available,expected_demand_for_feasibility,available,baseline_feasible,classification
20260821,1,LAP-034,Nova,32,2048,[],0,11,11.216636752309242,29,54610,1.0233430099145313,614732.3794857581,5,Medium,0.05,Low,0.1,Low,0,51,15.0,54,3.0,54,19,71.0,True,OPPORTUNITY
20260821,2,LAP-007,Byte,16,256,"[""LAP-012"",""LAP-017"",""LAP-027"",""LAP-032"",""LAP-037"",""LAP-047""]",1,17,16.533678606140015,36,26850,0.8566672704842881,391025.77561255335,5,Low,0.02,Medium,0.25,Medium,2,57,6.0,61,7.0,0,22,29.0,True,OPPORTUNITY
20260821,3,LAP-009,Nova,16,256,"[""LAP-014"",""LAP-019"",""LAP-029"",""LAP-034"",""LAP-039"",""LAP-049""]",1,27,26.74466746171006,71,47820,1.0407640786066108,1343772.1324521394,10,Low,0.02,Low,0.1,Low,0,88,6.0,0,,0,88,-6.0,False,CONSTRAINT_CONFLICT
20260821,4,LAP-037,Byte,64,2048,[],1,10,10.387291899780132,37,66430,1.011837570095847,672163.6978146712,7,Low,0.02,Low,0.1,Low,0,51,4.0,0,,0,33,14.0,True,OPPORTUNITY
20260821,5,LAP-050,Vertex,16,256,[],0,3,2.7453696614921066,20,116540,0.8643331914288964,302188.17038737074,2,Low,0.02,Medium,0.25,Low,0,27,0.0,15,8.0,0,3,24.0,True,OPPORTUNITY
20260821,6,LAP-045,Vertex,8,256,[],0,9,8.72427491877154,20,91230,1.0593847853449119,869829.0657031467,10,Low,0.02,Low,0.1,Low,0,21,7.0,17,6.0,17,24,7.0,False,HARD_REJECT
20260821,7,LAP-010,Vertex,16,256,[],0,6,6.159989036949825,51,49440,1.0111982528412333,299961.8497228235,3,Medium,0.05,Medium,0.25,Low,0,107,10.0,0,,0,19,78.0,True,OPPORTUNITY
20260821,8,LAP-010,Vertex,16,256,[],0,44,43.93680423300959,51,49440,0.9316941923381488,2026770.2782447152,7,Medium,0.05,Low,0.1,Low,0,107,10.0,0,,0,45,52.0,True,OPPORTUNITY
20260821,9,LAP-001,Aster,8,256,[],0,16,15.97444776739879,89,28840,0.9027210273865892,416551.5908772677,2,Low,0.02,Low,0.1,High,3,188,21.0,0,,0,23,144.0,True,OPPORTUNITY
20260821,10,LAP-018,CoreX,64,512,"[""LAP-038""]",1,17,17.357142227620102,65,48660,0.9627500117419912,796406.0647132099,10,Low,0.02,Medium,0.25,Low,0,73,24.0,0,,0,81,-32.0,False,CONSTRAINT_CONFLICT
20260821,11,LAP-022,Byte,8,1024,[],0,42,42.01910280693682,45,41410,1.0098409782592972,1756335.626208135,5,Medium,0.05,Low,0.1,Low,0,61,5.0,0,,0,28,28.0,False,HARD_REJECT
20260821,12,LAP-041,Aster,8,256,[],0,10,10.39798750532844,20,81770,0.91579025105666,748841.6882890309,3,Medium,0.05,Low,0.1,High,3,40,0.0,35,7.0,0,8,32.0,True,OPPORTUNITY
20260821,13,LAP-015,Vertex,32,512,[],0,3,3.36213849214263,54,50860,0.9638544954003561,147064.91890818632,5,Medium,0.05,Low,0.1,Low,0,108,10.0,0,,0,34,64.0,True,BASELINE_ACCEPT
20260821,14,LAP-005,Vertex,8,256,[],0,74,76.28145658045023,74,29990,0.9981832622747655,2215228.186635896,5,Low,0.02,Low,0.1,Medium,2,101,10.0,0,,0,47,44.0,False,HARD_REJECT
20260821,15,LAP-032,Byte,32,2048,[],0,4,3.8006046858206712,28,57010,1.1336059222516353,258507.4945102629,10,Low,0.02,Low,0.1,Low,0,38,1.0,38,5.0,38,35,40.0,True,OPPORTUNITY
20260821,16,LAP-033,CoreX,32,2048,[],0,9,9.093824711016682,37,65810,1.0670492308883706,632002.588962873,3,Medium,0.05,Medium,0.25,Low,0,86,4.0,0,,0,14,68.0,True,BASELINE_ACCEPT
20260821,17,LAP-042,Byte,8,256,"[""LAP-002"",""LAP-007"",""LAP-012"",""LAP-017"",""LAP-022"",""LAP-027"",""LAP-032"",""LAP-037"",""LAP-047""]",1,8,8.193652563610161,27,84040,0.8375138837612145,563077.3343303397,5,Low,0.02,Low,0.1,High,3,30,1.0,0,,0,17,12.0,True,OPPORTUNITY
20260821,18,LAP-044,Nova,8,256,"[""LAP-004"",""LAP-009"",""LAP-014"",""LAP-019"",""LAP-024"",""LAP-029"",""LAP-034"",""LAP-039"",""LAP-049""]",1,6,5.790304953916225,28,103300,1.0180696793042188,630999.5872327548,7,Low,0.02,Low,0.1,Medium,2,58,9.0,0,,0,24,25.0,True,OPPORTUNITY
20260821,19,LAP-039,Nova,64,2048,[],1,28,27.728586477432074,49,57140,1.0740477627050806,1718390.4965071126,10,Low,0.02,Low,0.1,High,3,79,6.0,43,10.0,43,61,55.0,True,BASELINE_ACCEPT
20260821,20,LAP-002,Byte,8,256,[],0,11,10.917651852713275,56,30490,0.9697652420107352,325249.5645179805,7,Low,0.02,Low,0.1,Low,0,118,14.0,70,4.0,70,49,125.0,True,OPPORTUNITY
20260821,21,LAP-023,CoreX,8,1024,[],0,29,29.350731886139375,43,40220,1.016003324313658,1185045.9574129644,7,Low,0.02,Medium,0.25,Low,0,91,13.0,43,2.0,43,38,83.0,True,OPPORTUNITY
20260821,22,LAP-025,Vertex,8,1024,"[""LAP-030"",""LAP-035"",""LAP-040""]",1,25,24.534902299411247,34,35260,0.9004104742111406,793711.8330171205,2,Low,0.02,Medium,0.25,Medium,2,33,5.0,54,7.0,0,9,19.0,False,CONSTRAINT_CONFLICT
20260821,23,LAP-042,Byte,8,256,"[""LAP-002"",""LAP-007"",""LAP-012"",""LAP-017"",""LAP-022"",""LAP-027"",""LAP-032"",""LAP-037"",""LAP-047""]",1,4,3.7719548892005963,27,84040,0.8444949660124399,283885.4277747418,7,Low,0.02,Low,0.1,Low,0,30,1.0,0,,0,24,5.0,True,OPPORTUNITY
20260821,24,LAP-003,CoreX,8,256,[],0,37,37.064820405766824,113,32360,0.8179199208745914,979311.8796615658,3,Medium,0.05,Medium,0.25,Low,0,239,26.0,183,10.0,0,43,170.0,True,BASELINE_ACCEPT
20260821,25,LAP-037,Byte,64,2048,[],1,27,27.313388220165216,37,66430,0.800830043174239,1436376.7737377468,5,High,0.1,High,0.5,Low,0,51,4.0,0,,0,24,23.0,False,CONSTRAINT_CONFLICT
20260821,26,LAP-009,Nova,16,256,"[""LAP-014"",""LAP-019"",""LAP-029"",""LAP-034"",""LAP-039"",""LAP-049""]",1,9,9.292866477226902,71,47820,0.7874181188267343,338889.0099806499,5,Medium,0.05,Medium,0.25,Low,0,88,6.0,0,,0,44,38.0,True,OPPORTUNITY
20260821,27,LAP-044,Nova,8,256,[],0,16,16.34089225067789,28,103300,0.9538608401965978,1576541.1966769367,10,Medium,0.05,Low,0.1,Medium,2,58,9.0,0,,0,34,15.0,False,CONSTRAINT_CONFLICT
20260821,28,LAP-022,Byte,8,1024,[],0,29,28.806655512873327,45,41410,0.903899810583275,1085484.243531349,5,Low,0.02,Low,0.1,High,3,61,5.0,0,,0,28,28.0,False,CONSTRAINT_CONFLICT
20260821,29,LAP-007,Byte,16,256,"[""LAP-012"",""LAP-017"",""LAP-027"",""LAP-032"",""LAP-037"",""LAP-047""]",1,15,14.987249707355854,36,26850,0.7915420969489751,318793.57954619976,7,Low,0.02,Medium,0.25,High,3,57,6.0,61,7.0,61,31,81.0,True,OPPORTUNITY
20260821,30,LAP-017,Byte,64,512,"[""LAP-037""]",1,28,27.843684706896113,45,41040,0.8451656030155704,971196.6977372523,5,Low,0.02,Low,0.1,Medium,2,83,18.0,0,,0,28,37.0,True,OPPORTUNITY
20260821,31,LAP-033,CoreX,32,2048,"[""LAP-038""]",1,19,19.07155331671709,37,65810,1.1419320435991012,1427860.40799588,5,Low,0.02,Medium,0.25,Medium,2,86,4.0,0,,0,23,59.0,True,OPPORTUNITY
20260821,32,LAP-002,Byte,8,256,[],0,32,31.805927973854374,56,30490,0.9957589323224866,971542.0750884037,5,Low,0.02,Low,0.1,Low,0,118,14.0,70,4.0,70,35,139.0,True,OPPORTUNITY
20260821,33,LAP-025,Vertex,8,1024,[],0,14,14.349143570164994,34,35260,0.925889186119278,457055.93783592037,5,Low,0.02,Medium,0.25,High,3,33,5.0,54,7.0,0,21,7.0,False,CONSTRAINT_CONFLICT
20260821,34,LAP-002,Byte,8,256,"[""LAP-007"",""LAP-012"",""LAP-017"",""LAP-022"",""LAP-027"",""LAP-032"",""LAP-037"",""LAP-042"",""LAP-047""]",1,29,29.424503055269078,56,30490,1.2068439269355882,1067103.4686357165,7,Low,0.02,High,0.5,Medium,2,118,14.0,70,4.0,70,49,125.0,True,OPPORTUNITY
20260821,35,LAP-021,Aster,8,1024,[],0,11,10.522526719928909,68,52420,0.8925506846275203,514662.5757699208,5,Medium,0.05,High,0.5,Low,0,153,23.0,0,,0,43,87.0,True,BASELINE_ACCEPT
20260821,36,LAP-040,Vertex,64,2048,[],0,19,18.8154527458122,29,60870,0.824616755852045,953694.0166455655,7,Medium,0.05,Low,0.1,Medium,2,47,4.0,0,,0,26,17.0,False,HARD_REJECT
20260821,37,LAP-003,CoreX,8,256,[],0,21,20.506781344097153,113,32360,1.0227033612425924,694988.2961660161,2,Medium,0.05,Low,0.1,Medium,2,239,26.0,183,10.0,0,29,184.0,True,BASELINE_ACCEPT
20260821,38,LAP-011,Aster,32,512,[],0,56,56.03088344646026,65,47120,0.7845604822649141,2070235.4357620743,2,Medium,0.05,Medium,0.25,Medium,2,146,20.0,0,,0,17,109.0,True,OPPORTUNITY
20260821,39,LAP-041,Aster,8,256,"[""LAP-001"",""LAP-006"",""LAP-011"",""LAP-016"",""LAP-021"",""LAP-026"",""LAP-031"",""LAP-036"",""LAP-046""]",1,8,8.319441095387583,20,81770,0.9643703761293353,630852.525248766,10,Medium,0.05,Low,0.1,Low,0,40,0.0,35,7.0,35,25,50.0,True,OPPORTUNITY
20260821,40,LAP-013,CoreX,32,512,"[""LAP-018"",""LAP-033"",""LAP-038""]",1,9,9.384411223562081,36,41240,1.005622788364613,373246.95412940974,2,Low,0.02,Low,0.1,Medium,2,76,12.0,53,7.0,0,9,55.0,True,OPPORTUNITY
20260821,41,LAP-023,CoreX,8,1024,"[""LAP-028"",""LAP-033"",""LAP-038""]",1,16,15.518964483227238,43,40220,0.9138715738991587,588094.6352355867,5,Medium,0.05,High,0.5,Low,0,91,13.0,43,2.0,43,27,94.0,True,OPPORTUNITY
20260821,42,LAP-049,Nova,16,256,[],0,6,6.029214920839914,20,117210,1.1171076413503216,785617.1198560272,2,Low,0.02,Medium,0.25,Low,0,17,5.0,0,,0,4,8.0,True,OPPORTUNITY
20260821,43,LAP-035,Vertex,32,2048,"[""LAP-040""]",1,12,11.683144323517395,23,70250,1.052815812039782,887523.7295495361,5,Low,0.02,Medium,0.25,Low,0,47,12.0,0,,0,14,21.0,True,OPPORTUNITY
20260821,44,LAP-019,Nova,64,512,[],0,27,26.676720988012967,45,50870,0.844938258767685,1160514.2490348278,2,High,0.1,Low,0.1,Low,0,62,3.0,0,,0,12,47.0,True,OPPORTUNITY
20260821,45,LAP-009,Nova,16,256,"[""LAP-014"",""LAP-019"",""LAP-029"",""LAP-034"",""LAP-039"",""LAP-049""]",1,28,28.18167069162428,71,47820,0.8429574513377873,1128686.3090432438,5,Medium,0.05,Medium,0.25,Medium,2,88,6.0,0,,0,44,38.0,True,OPPORTUNITY
20260821,46,LAP-022,Byte,8,1024,[],0,20,20.002883579861617,45,41410,0.9391637298637416,777815.4010731508,5,Low,0.02,Medium,0.25,Low,0,61,5.0,0,,0,28,28.0,True,OPPORTUNITY
20260821,47,LAP-033,CoreX,32,2048,"[""LAP-038""]",1,19,18.658212378691243,37,65810,0.8357151353578656,1044969.8481001215,5,Medium,0.05,Low,0.1,Medium,2,86,4.0,0,,0,23,59.0,True,OPPORTUNITY
20260821,48,LAP-006,Aster,16,256,[],0,36,36.20943836639273,53,34710,0.8257503123738241,1031824.5603298356,5,Low,0.02,Medium,0.25,Medium,2,124,15.0,33,8.0,0,33,76.0,True,BASELINE_ACCEPT
20260821,49,LAP-034,Nova,32,2048,[],0,17,16.584879111362348,29,54610,1.0047556671563995,932785.0187179866,2,Low,0.02,Low,0.1,High,3,51,15.0,54,3.0,0,8,28.0,True,OPPORTUNITY
20260821,50,LAP-004,Nova,8,256,[],0,34,33.67705156452174,52,28000,1.0626221906315094,1011616.325481197,2,Low,0.02,Low,0.1,Medium,2,116,11.0,0,,0,13,92.0,True,OPPORTUNITY
20260821,51,LAP-028,CoreX,16,1024,"[""LAP-033"",""LAP-038""]",1,20,20.485375917486323,27,52120,0.8092293743643941,843540.6998374445,5,Low,0.02,Low,0.1,Low,0,56,7.0,33,10.0,0,17,32.0,True,OPPORTUNITY
20260821,52,LAP-028,CoreX,16,1024,[],0,15,14.739225148896463,27,52120,0.8056504469469578,629857.5194231316,2,Low,0.02,Medium,0.25,Medium,2,56,7.0,33,10.0,0,7,42.0,True,OPPORTUNITY
20260821,53,LAP-025,Vertex,8,1024,[],0,13,12.70375131741415,34,35260,0.9306410278371057,426587.2343399725,7,Medium,0.05,Low,0.1,Low,0,33,5.0,54,7.0,54,29,53.0,True,OPPORTUNITY
20260821,54,LAP-013,CoreX,32,512,"[""LAP-018"",""LAP-033"",""LAP-038""]",1,21,20.573062435729035,36,41240,0.9605440131708487,831869.5371664818,7,High,0.1,Low,0.1,High,3,76,12.0,53,7.0,53,32,85.0,True,OPPORTUNITY
20260821,55,LAP-014,Nova,32,512,[],0,24,24.349141185416773,42,45030,0.9772283769097893,1056110.2514939473,5,High,0.1,Low,0.1,Low,0,42,3.0,0,,0,27,12.0,False,HARD_REJECT
20260821,56,LAP-017,Byte,64,512,[],0,26,25.584381453706275,45,41040,0.8199114371113846,874878.2998553318,5,Medium,0.05,Medium,0.25,Low,0,83,18.0,0,,0,28,37.0,True,OPPORTUNITY
20260821,57,LAP-022,Byte,8,1024,"[""LAP-027"",""LAP-032"",""LAP-037""]",1,4,3.5521056827414337,45,41410,1.043264389490001,172806.31347512378,3,Low,0.02,Medium,0.25,Medium,2,61,5.0,0,,0,17,39.0,True,OPPORTUNITY
20260821,58,LAP-012,Byte,32,512,[],0,15,15.1419738741199,43,37160,1.0315550576058021,574988.7891094742,7,Low,0.02,Low,0.1,Medium,2,69,18.0,0,,0,38,13.0,False,HARD_REJECT
20260821,59,LAP-045,Vertex,8,256,[],0,11,10.662646434608131,20,91230,0.8689076895591992,871974.9337033432,5,Medium,0.05,High,0.5,High,3,21,7.0,17,6.0,0,12,2.0,False,CONSTRAINT_CONFLICT
20260821,60,LAP-008,CoreX,16,256,"[""LAP-013"",""LAP-018"",""LAP-028"",""LAP-033"",""LAP-038"",""LAP-048""]",1,30,30.003786520670875,63,32230,0.8287332953454427,801302.2232695086,2,Low,0.02,Low,0.1,Low,0,141,11.0,0,,0,16,114.0,True,OPPORTUNITY
20260821,61,LAP-033,CoreX,32,2048,[],0,4,4.148346396068276,37,65810,0.9741608727158287,256438.10813371476,7,Medium,0.05,Medium,0.25,Medium,2,86,4.0,0,,0,32,50.0,True,BASELINE_ACCEPT
20260821,62,LAP-011,Aster,32,512,[],0,21,21.05420563337819,65,47120,0.8627137310418248,853672.4911405065,5,Medium,0.05,Medium,0.25,Low,0,146,20.0,0,,0,41,85.0,True,OPPORTUNITY
20260821,63,LAP-023,CoreX,8,1024,"[""LAP-028"",""LAP-033"",""LAP-038""]",1,14,13.629767513377198,43,40220,0.9254635324269337,521110.00583895785,10,Medium,0.05,Medium,0.25,Medium,2,91,13.0,43,2.0,43,54,67.0,True,OPPORTUNITY
20260821,64,LAP-029,Nova,16,1024,"[""LAP-034"",""LAP-039""]",1,3,3.4624082164979324,26,70420,0.8308418957942489,175523.65890549304,7,Low,0.02,Low,0.1,Low,0,45,3.0,23,9.0,0,23,19.0,True,OPPORTUNITY
20260821,65,LAP-018,CoreX,64,512,[],0,13,12.873759183594771,65,48660,0.8670157138490985,548456.8002666627,3,Low,0.02,Medium,0.25,Low,0,73,24.0,0,,0,25,24.0,True,BASELINE_ACCEPT
20260821,66,LAP-042,Byte,8,256,[],0,11,10.92192934840182,27,84040,0.9870017318115724,912423.8809558899,3,Low,0.02,Medium,0.25,Medium,2,30,1.0,0,,0,11,18.0,True,BASELINE_ACCEPT
20260821,67,LAP-023,CoreX,8,1024,"[""LAP-028"",""LAP-033"",""LAP-038""]",1,9,8.526602024631536,43,40220,0.9338625208313832,338039.5552905441,3,Low,0.02,Medium,0.25,Medium,2,91,13.0,43,2.0,43,17,104.0,True,OPPORTUNITY
20260821,68,LAP-017,Byte,64,512,[],0,15,14.852837116903308,45,41040,0.8182499517453246,503714.6702944218,5,Low,0.02,Low,0.1,Low,0,83,18.0,0,,0,28,37.0,True,OPPORTUNITY
20260821,69,LAP-040,Vertex,64,2048,[],0,29,34.87562119634946,29,60870,0.8717210242914435,1538788.1037099848,2,High,0.1,Low,0.1,Low,0,47,4.0,0,,0,8,35.0,True,OPPORTUNITY
20260821,70,LAP-020,Vertex,64,512,[],0,16,15.752636614298645,38,40710,0.8205191090087974,534453.3268439703,5,Low,0.02,Low,0.1,Medium,2,89,5.0,61,7.0,0,24,60.0,True,OPPORTUNITY
20260821,71,LAP-005,Vertex,8,256,[],0,19,19.02359245777036,74,29990,0.8646384246434836,492679.6207461034,3,Low,0.02,Medium,0.25,Low,0,101,10.0,0,,0,28,63.0,True,OPPORTUNITY
20260821,72,LAP-021,Aster,8,1024,"[""LAP-026"",""LAP-031"",""LAP-036""]",1,13,13.370463356385228,68,52420,0.8335423364497427,568025.7605970417,5,Low,0.02,Low,0.1,Low,0,153,23.0,0,,0,43,87.0,True,OPPORTUNITY
20260821,73,LAP-029,Nova,16,1024,[],0,14,13.905740477087376,26,70420,0.809090267454632,797665.9128781726,3,Low,0.02,Low,0.1,High,3,45,3.0,23,9.0,0,10,32.0,True,OPPORTUNITY
20260821,74,LAP-048,CoreX,16,256,"[""LAP-008"",""LAP-013"",""LAP-018"",""LAP-028"",""LAP-033"",""LAP-038""]",1,2,2.2279818737444956,20,110910,0.862097164157629,191230.39295344526,2,Low,0.02,Medium,0.25,Medium,2,14,3.0,8,7.0,0,4,7.0,True,OPPORTUNITY
20260821,75,LAP-033,CoreX,32,2048,[],0,3,3.208632325496112,37,65810,0.8652647412900583,170829.2178728962,5,Low,0.02,Low,0.1,Low,0,86,4.0,0,,0,23,59.0,True,BASELINE_ACCEPT
20260821,76,LAP-028,CoreX,16,1024,"[""LAP-033"",""LAP-038""]",1,13,12.839707667534995,27,52120,0.9491709553894195,643120.272533655,10,Low,0.02,Medium,0.25,Low,0,56,7.0,33,10.0,33,33,49.0,True,OPPORTUNITY
20260821,77,LAP-019,Nova,64,512,[],0,45,49.68148220417599,45,50870,0.9592200177521699,2195798.50363738,7,Medium,0.05,Low,0.1,Medium,2,62,3.0,0,,0,40,19.0,False,HARD_REJECT
20260821,78,LAP-038,CoreX,64,2048,[],0,27,27.147728073780552,31,61880,0.92037354964736,1537723.3118088231,3,High,0.1,High,0.5,Low,0,61,9.0,30,6.0,0,12,40.0,True,OPPORTUNITY
20260821,79,LAP-004,Nova,8,256,[],0,8,7.8650478234301495,52,28000,0.8282656492228342,185531.50542591486,10,Low,0.02,Low,0.1,High,3,116,11.0,0,,0,65,40.0,True,OPPORTUNITY
20260821,80,LAP-050,Vertex,16,256,"[""LAP-010"",""LAP-015"",""LAP-020"",""LAP-030"",""LAP-035"",""LAP-040""]",1,5,4.7376399050095,20,116540,0.9682566670023796,564203.1598622865,5,Low,0.02,Low,0.1,Medium,2,27,0.0,15,8.0,0,8,19.0,True,OPPORTUNITY
20260821,81,LAP-041,Aster,8,256,[],0,10,9.89967611735076,20,81770,1.0251361768733869,838253.8518293684,3,Low,0.02,Medium,0.25,Low,0,40,0.0,35,7.0,0,8,32.0,True,OPPORTUNITY
20260821,82,LAP-003,CoreX,8,256,[],0,42,41.932208940979336,113,32360,1.0231958674387986,1390645.96735342,3,Medium,0.05,High,0.5,Medium,2,239,26.0,183,10.0,0,43,170.0,True,BASELINE_ACCEPT
20260821,83,LAP-036,Aster,64,2048,[],0,28,28.193673142711162,46,63850,1.007136872528341,1800559.300706168,5,Low,0.02,High,0.5,Low,0,109,18.0,0,,0,29,62.0,True,BASELINE_ACCEPT
20260821,84,LAP-041,Aster,8,256,[],0,12,12.243328497304113,20,81770,0.8676058204773945,851329.5352852386,5,Low,0.02,Low,0.1,Low,0,40,0.0,35,7.0,0,13,27.0,True,OPPORTUNITY
20260821,85,LAP-004,Nova,8,256,"[""LAP-009"",""LAP-014"",""LAP-019"",""LAP-024"",""LAP-029"",""LAP-034"",""LAP-039"",""LAP-044"",""LAP-049""]",1,14,14.095023285585363,52,28000,1.0269695145821816,402572.0497162152,5,High,0.1,Low,0.1,Medium,2,116,11.0,0,,0,33,72.0,True,OPPORTUNITY
20260821,86,LAP-011,Aster,32,512,[],0,44,44.14408896487479,65,47120,0.8894996230549903,1844181.7784874502,5,Low,0.02,Low,0.1,Low,0,146,20.0,0,,0,41,85.0,True,OPPORTUNITY
20260821,87,LAP-043,CoreX,8,256,"[""LAP-003"",""LAP-008"",""LAP-013"",""LAP-018"",""LAP-023"",""LAP-028"",""LAP-033"",""LAP-038"",""LAP-048""]",1,5,4.549735573973173,20,84550,0.7912851924852918,334515.8151231571,7,Medium,0.05,Medium,0.25,Low,0,47,0.0,0,,0,17,30.0,True,OPPORTUNITY
20260821,88,LAP-028,CoreX,16,1024,[],0,5,5.163947782965063,27,52120,1.0477442886806547,273042.1616301786,7,Medium,0.05,Medium,0.25,High,3,56,7.0,33,10.0,0,24,25.0,True,OPPORTUNITY
20260821,89,LAP-018,CoreX,64,512,[],0,33,32.81697392028357,65,48660,0.9362089096127357,1503345.5428779388,2,Low,0.02,Medium,0.25,Medium,2,73,24.0,0,,0,17,32.0,False,CONSTRAINT_CONFLICT
20260821,90,LAP-046,Aster,16,256,"[""LAP-006"",""LAP-011"",""LAP-016"",""LAP-026"",""LAP-031"",""LAP-036""]",1,6,6.050027867246925,20,88820,1.0096369604658086,538055.7289714387,7,Low,0.02,Low,0.1,Medium,2,15,5.0,0,,0,14,-4.0,False,CONSTRAINT_CONFLICT
20260821,91,LAP-048,CoreX,16,256,"[""LAP-008"",""LAP-013"",""LAP-018"",""LAP-028"",""LAP-033"",""LAP-038""]",1,4,4.39673241493553,20,110910,1.104618154010368,490052.7978451596,7,Medium,0.05,Low,0.1,Medium,2,14,3.0,8,7.0,8,11,8.0,True,OPPORTUNITY
20260821,92,LAP-026,Aster,16,1024,"[""LAP-031"",""LAP-036""]",1,18,18.178559534370414,38,41610,0.9303519307168432,696814.9890683012,3,Medium,0.05,High,0.5,Medium,2,93,9.0,0,,0,15,69.0,True,OPPORTUNITY
20260821,93,LAP-038,CoreX,64,2048,[],0,16,15.61077098601844,31,61880,0.948376453593373,938968.5591737267,5,Low,0.02,Medium,0.25,Medium,2,61,9.0,30,6.0,0,19,33.0,True,OPPORTUNITY
20260821,94,LAP-022,Byte,8,1024,[],0,15,15.08689257033396,45,41410,0.9291410446550232,577135.9598874677,5,High,0.1,High,0.5,Medium,2,61,5.0,0,,0,28,28.0,True,OPPORTUNITY
20260821,95,LAP-013,CoreX,32,512,[],0,16,15.995063681792855,36,41240,0.7559933169197081,498834.6302363002,7,Low,0.02,High,0.5,Medium,2,76,12.0,53,7.0,53,32,85.0,True,OPPORTUNITY
20260821,96,LAP-003,CoreX,8,256,"[""LAP-008"",""LAP-013"",""LAP-018"",""LAP-023"",""LAP-028"",""LAP-033"",""LAP-038"",""LAP-043"",""LAP-048""]",1,37,37.03125111619801,113,32360,0.7979365620326311,955385.4044529098,5,Low,0.02,Low,0.1,Low,0,239,26.0,183,10.0,0,71,142.0,True,OPPORTUNITY
20260821,97,LAP-023,CoreX,8,1024,[],0,29,29.43952649472837,43,40220,0.8788690108469903,1025095.2368717126,3,Medium,0.05,Low,0.1,Low,0,91,13.0,43,2.0,43,17,104.0,True,OPPORTUNITY
20260821,98,LAP-038,CoreX,64,2048,[],0,4,3.8871215651568725,31,61880,0.9548181483901632,236336.5880895332,5,High,0.1,Low,0.1,High,3,61,9.0,30,6.0,0,19,33.0,True,OPPORTUNITY
20260821,99,LAP-015,Vertex,32,512,[],0,11,10.904457843689281,54,50860,0.8687891933242831,486052.8020972034,7,High,0.1,Low,0.1,Medium,2,108,10.0,0,,0,48,50.0,True,BASELINE_ACCEPT
20260821,100,LAP-040,Vertex,64,2048,[],1,3,2.947183830769171,29,60870,0.9273346467681333,169340.57984632882,3,Medium,0.05,Low,0.1,Low,0,47,4.0,0,,0,11,32.0,True,OPPORTUNITY
20260822,1,LAP-041,Aster,8,256,[],0,15,14.836713692500295,20,81770,0.9450560571310243,1159158.5068740577,2,Low,0.02,Low,0.1,Low,0,40,0.0,35,7.0,0,5,35.0,True,OPPORTUNITY
20260822,2,LAP-032,Byte,32,2048,[],0,7,6.517988744298095,28,57010,0.9385582111106567,374550.4253079298,3,Medium,0.05,Medium,0.25,Medium,2,38,1.0,38,5.0,0,11,26.0,True,OPPORTUNITY
20260822,3,LAP-049,Nova,16,256,"[""LAP-009"",""LAP-014"",""LAP-019"",""LAP-029"",""LAP-034"",""LAP-039""]",1,11,11.367653008324545,20,117210,0.8986444318867823,1158631.2524759474,3,Low,0.02,Low,0.1,Medium,2,17,5.0,0,,0,6,6.0,False,CONSTRAINT_CONFLICT
20260822,4,LAP-009,Nova,16,256,[],0,49,48.9728362084869,71,47820,1.0087618357185355,2363710.558218958,7,Low,0.02,Low,0.1,Medium,2,88,6.0,0,,0,62,20.0,False,HARD_REJECT
20260822,5,LAP-050,Vertex,16,256,[],0,3,2.8036797318206137,20,116540,0.9752992946997224,340984.13941291696,10,Medium,0.05,Low,0.1,Low,0,27,0.0,15,8.0,15,15,27.0,True,OPPORTUNITY
20260822,6,LAP-019,Nova,64,512,[],0,42,42.12771704984296,45,50870,0.8723478885715282,1863806.1578486129,5,Low,0.02,Low,0.1,Low,0,62,3.0,0,,0,29,30.0,False,HARD_REJECT
20260822,7,LAP-004,Nova,8,256,[],0,36,35.75061586453104,52,28000,1.0529237711723103,1061347.1613416888,5,Medium,0.05,Low,0.1,Low,0,116,11.0,0,,0,33,72.0,True,OPPORTUNITY
20260822,8,LAP-020,Vertex,64,512,"[""LAP-040""]",1,15,15.20810388184378,38,40710,1.0153670875542704,620033.9120150153,7,Low,0.02,Low,0.1,Low,0,89,5.0,61,7.0,61,33,112.0,True,OPPORTUNITY
20260822,9,LAP-040,Vertex,64,2048,[],0,10,9.524331663223926,29,60870,0.9542846508021798,580873.0669432869,3,Low,0.02,High,0.5,Low,0,47,4.0,0,,0,11,32.0,True,OPPORTUNITY
20260822,10,LAP-040,Vertex,64,2048,[],0,14,14.473525823152565,29,60870,0.8029236652759821,684235.4890748864,7,Medium,0.05,Low,0.1,High,3,47,4.0,0,,0,26,17.0,True,OPPORTUNITY
20260822,11,LAP-034,Nova,32,2048,"[""LAP-039""]",1,20,19.875738453291877,29,54610,1.1551229753175793,1261625.3136418601,7,Low,0.02,Low,0.1,Low,0,51,15.0,54,3.0,54,26,64.0,True,OPPORTUNITY
20260822,12,LAP-048,CoreX,16,256,[],0,4,4.4292937305071085,20,110910,0.9010816685902117,399755.8714533615,7,Low,0.02,High,0.5,Low,0,14,3.0,8,7.0,8,11,8.0,True,BASELINE_ACCEPT
20260822,13,LAP-018,CoreX,64,512,[],0,33,32.76772799628247,65,48660,0.9169989339066595,1472498.5480886358,3,Low,0.02,Low,0.1,Low,0,73,24.0,0,,0,25,24.0,False,HARD_REJECT
20260822,14,LAP-020,Vertex,64,512,"[""LAP-040""]",1,24,23.804819200586515,38,40710,0.9361694792976956,914675.0280530205,10,Low,0.02,Medium,0.25,Low,0,89,5.0,61,7.0,61,47,98.0,True,OPPORTUNITY
20260822,15,LAP-010,Vertex,16,256,[],0,51,73.30363592495489,51,49440,0.9484697254279598,2391509.504483075,5,Low,0.02,Low,0.1,Low,0,107,10.0,0,,0,32,65.0,True,OPPORTUNITY
20260822,16,LAP-025,Vertex,8,1024,"[""LAP-030"",""LAP-035"",""LAP-040""]",1,33,32.562980601202156,34,35260,0.91895454068214,1069277.1244469245,5,Medium,0.05,Low,0.1,Low,0,33,5.0,54,7.0,0,21,7.0,False,CONSTRAINT_CONFLICT
20260822,17,LAP-044,Nova,8,256,"[""LAP-004"",""LAP-009"",""LAP-014"",""LAP-019"",""LAP-024"",""LAP-029"",""LAP-034"",""LAP-039"",""LAP-049""]",1,6,5.5217273874144315,28,103300,1.0826970681131842,671055.6428165516,7,Low,0.02,High,0.5,High,3,58,9.0,0,,0,24,25.0,True,OPPORTUNITY
20260822,18,LAP-002,Byte,8,256,"[""LAP-007"",""LAP-012"",""LAP-017"",""LAP-022"",""LAP-027"",""LAP-032"",""LAP-037"",""LAP-042"",""LAP-047""]",1,40,40.35787205360243,56,30490,0.8666304858582863,1056942.540552766,5,Low,0.02,Medium,0.25,Medium,2,118,14.0,70,4.0,70,35,139.0,True,OPPORTUNITY
20260822,19,LAP-039,Nova,64,2048,[],1,49,49.87204665238845,49,57140,0.8213489891648736,2299662.180803163,10,Low,0.02,High,0.5,Medium,2,79,6.0,43,10.0,43,61,55.0,True,BASELINE_ACCEPT
20260822,20,LAP-043,CoreX,8,256,"[""LAP-003"",""LAP-008"",""LAP-013"",""LAP-018"",""LAP-023"",""LAP-028"",""LAP-033"",""LAP-038"",""LAP-048""]",1,10,9.849832438244839,20,84550,0.9261846937131039,783089.1585344293,5,Low,0.02,Low,0.1,Low,0,47,0.0,0,,0,12,35.0,True,OPPORTUNITY
20260822,21,LAP-029,Nova,16,1024,[],0,19,18.56258967065026,26,70420,1.0296525844328999,1377654.5649195313,7,Medium,0.05,Low,0.1,Low,0,45,3.0,23,9.0,0,23,19.0,True,OPPORTUNITY
20260822,22,LAP-042,Byte,8,256,[],0,9,8.763275396242562,27,84040,0.8655725929545028,654684.4864070677,5,Medium,0.05,Medium,0.25,Medium,2,30,1.0,0,,0,17,12.0,True,BASELINE_ACCEPT
20260822,23,LAP-021,Aster,8,1024,"[""LAP-026"",""LAP-031"",""LAP-036""]",1,15,14.571486842283598,68,52420,0.8382142555046505,659087.8691033067,7,Low,0.02,Low,0.1,Medium,2,153,23.0,0,,0,60,70.0,True,OPPORTUNITY
20260822,24,LAP-001,Aster,8,256,"[""LAP-006"",""LAP-011"",""LAP-016"",""LAP-021"",""LAP-026"",""LAP-031"",""LAP-036"",""LAP-041"",""LAP-046""]",1,15,15.40795077265535,89,28840,0.843292916325277,364808.51560231484,3,Medium,0.05,Low,0.1,Low,0,188,21.0,0,,0,34,133.0,True,OPPORTUNITY
20260822,25,LAP-037,Byte,64,2048,[],0,6,5.602619647435234,37,66430,0.8810413830635628,351165.47446147486,7,High,0.1,Low,0.1,Medium,2,51,4.0,0,,0,33,14.0,True,OPPORTUNITY
20260822,26,LAP-012,Byte,32,512,[],0,6,5.77568054120201,43,37160,1.0196191353100477,227334.28240872824,10,Medium,0.05,Low,0.1,Medium,2,69,18.0,0,,0,53,-2.0,False,HARD_REJECT
20260822,27,LAP-026,Aster,16,1024,[],0,18,17.730688476207103,38,41610,1.0038280045446393,751847.0988438439,10,Low,0.02,Medium,0.25,Medium,2,93,9.0,0,,0,47,37.0,True,OPPORTUNITY
20260822,28,LAP-032,Byte,32,2048,[],0,9,9.238817545876262,28,57010,1.0417664513860285,534519.9485416574,10,Low,0.02,High,0.5,Low,0,38,1.0,38,5.0,38,35,40.0,True,OPPORTUNITY
20260822,29,LAP-009,Nova,16,256,"[""LAP-014"",""LAP-019"",""LAP-029"",""LAP-034"",""LAP-039"",""LAP-049""]",1,10,9.92695747062873,71,47820,0.8651723450000398,413725.41537901905,3,Medium,0.05,High,0.5,High,3,88,6.0,0,,0,27,55.0,True,OPPORTUNITY
20260822,30,LAP-031,Aster,32,2048,[],0,7,6.761096087830996,32,64830,0.9032082339552505,409884.9286512322,5,Low,0.02,Medium,0.25,Medium,2,31,4.0,31,4.0,31,20,38.0,True,OPPORTUNITY
20260822,31,LAP-035,Vertex,32,2048,"[""LAP-040""]",1,23,34.063243627905386,23,70250,0.8699521539974756,1405625.1928214212,7,Medium,0.05,Medium,0.25,Medium,2,47,12.0,0,,0,20,15.0,False,HARD_REJECT
20260822,32,LAP-013,CoreX,32,512,[],0,22,22.34698106417369,36,41240,0.9744860806833419,884131.7312823824,5,Low,0.02,Low,0.1,Low,0,76,12.0,53,7.0,0,23,41.0,True,OPPORTUNITY
20260822,33,LAP-032,Byte,32,2048,[],0,11,10.801101498781804,28,57010,0.8867353804050987,556080.6244058415,5,Medium,0.05,High,0.5,Medium,2,38,1.0,38,5.0,38,18,57.0,True,OPPORTUNITY
20260822,34,LAP-030,Vertex,16,1024,"[""LAP-035"",""LAP-040""]",1,37,79.51329411385947,37,63920,0.9783692014299933,2313882.2961499915,7,High,0.1,Medium,0.25,High,3,91,11.0,0,,0,32,48.0,True,OPPORTUNITY
20260822,35,LAP-027,Byte,16,1024,[],0,18,18.41623894750829,60,43910,0.8366781001793179,661293.6368197292,2,High,0.1,Low,0.1,Low,0,149,14.0,0,,0,15,120.0,True,BASELINE_ACCEPT
20260822,36,LAP-003,CoreX,8,256,"[""LAP-008"",""LAP-013"",""LAP-018"",""LAP-023"",""LAP-028"",""LAP-033"",""LAP-038"",""LAP-043"",""LAP-048""]",1,21,20.729994331578357,113,32360,0.955853714155505,649559.949991515,3,Low,0.02,Medium,0.25,Low,0,239,26.0,183,10.0,0,43,170.0,True,OPPORTUNITY
20260822,37,LAP-008,CoreX,16,256,"[""LAP-013"",""LAP-018"",""LAP-028"",""LAP-033"",""LAP-038"",""LAP-048""]",1,47,46.62590610332231,63,32230,0.7815921378902545,1183963.5863975363,3,Low,0.02,Medium,0.25,Medium,2,141,11.0,0,,0,24,106.0,True,OPPORTUNITY
20260822,38,LAP-039,Nova,64,2048,[],0,6,6.475534405562316,49,57140,1.0574389273987768,362532.36186939664,5,Medium,0.05,Medium,0.25,Low,0,79,6.0,43,10.0,0,31,42.0,True,BASELINE_ACCEPT
20260822,39,LAP-045,Vertex,8,256,[],0,10,9.721087449376325,20,91230,0.8519653956180004,777248.0304223018,7,Low,0.02,Low,0.1,Medium,2,21,7.0,17,6.0,17,17,14.0,True,BASELINE_ACCEPT
20260822,40,LAP-015,Vertex,32,512,"[""LAP-020"",""LAP-035"",""LAP-040""]",1,36,35.945128401834616,54,50860,0.9690204085247824,1774237.6071925357,7,Low,0.02,Medium,0.25,Medium,2,108,10.0,0,,0,48,50.0,True,OPPORTUNITY
20260822,41,LAP-050,Vertex,16,256,"[""LAP-010"",""LAP-015"",""LAP-020"",""LAP-030"",""LAP-035"",""LAP-040""]",1,4,4.027673513728696,20,116540,0.9719230811500446,453071.66350890475,3,High,0.1,Low,0.1,High,3,27,0.0,15,8.0,0,5,22.0,True,OPPORTUNITY
20260822,42,LAP-042,Byte,8,256,[],0,27,35.59759085098654,27,84040,0.8181045179901941,1856344.5996811897,3,Medium,0.05,Low,0.1,Low,0,30,1.0,0,,0,11,18.0,False,HARD_REJECT
20260822,43,LAP-047,Byte,16,256,[],0,20,20.23271957855686,23,73300,0.8790630484089992,1288706.4289675928,5,Medium,0.05,Low,0.1,Medium,2,42,7.0,0,,0,15,20.0,True,OPPORTUNITY
20260822,44,LAP-033,CoreX,32,2048,"[""LAP-038""]",1,8,7.772723767779535,37,65810,0.8541332755399643,449684.0869062804,5,Low,0.02,Low,0.1,Low,0,86,4.0,0,,0,23,59.0,True,OPPORTUNITY
20260822,45,LAP-008,CoreX,16,256,[],0,13,13.273672373195692,63,32230,0.9366207998640242,392434.7489350275,2,Medium,0.05,Medium,0.25,Medium,2,141,11.0,0,,0,16,114.0,True,OPPORTUNITY
20260822,46,LAP-004,Nova,8,256,[],0,22,22.113935403415145,52,28000,1.0121295637101255,623471.8112454374,3,Medium,0.05,Low,0.1,Low,0,116,11.0,0,,0,20,85.0,True,OPPORTUNITY
20260822,47,LAP-005,Vertex,8,256,"[""LAP-010"",""LAP-015"",""LAP-020"",""LAP-025"",""LAP-030"",""LAP-035"",""LAP-040"",""LAP-045"",""LAP-050""]",1,15,14.804958699133586,74,29990,1.0017007175988457,450615.06781184074,5,Low,0.02,Medium,0.25,High,3,101,10.0,0,,0,47,44.0,True,OPPORTUNITY
20260822,48,LAP-015,Vertex,32,512,[],0,10,9.984554721573092,54,50860,0.9387823192113338,477464.6875508844,5,Medium,0.05,Medium,0.25,Low,0,108,10.0,0,,0,34,64.0,True,BASELINE_ACCEPT
20260822,49,LAP-019,Nova,64,512,[],0,30,29.861504826468263,45,50870,0.916279552098236,1398334.224457118,5,Low,0.02,High,0.5,Low,0,62,3.0,0,,0,29,30.0,True,OPPORTUNITY
20260822,50,LAP-005,Vertex,8,256,"[""LAP-010"",""LAP-015"",""LAP-020"",""LAP-025"",""LAP-030"",""LAP-035"",""LAP-040"",""LAP-045"",""LAP-050""]",1,71,70.54905280331542,74,29990,1.0980731156839565,2338116.104494692,3,Low,0.02,Medium,0.25,Medium,2,101,10.0,0,,0,28,63.0,False,CONSTRAINT_CONFLICT
20260822,51,LAP-005,Vertex,8,256,"[""LAP-010"",""LAP-015"",""LAP-020"",""LAP-025"",""LAP-030"",""LAP-035"",""LAP-040"",""LAP-045"",""LAP-050""]",1,12,12.008647969061494,74,29990,0.8473437426855615,304942.0661176799,7,Low,0.02,Low,0.1,Medium,2,101,10.0,0,,0,65,26.0,True,OPPORTUNITY
20260822,52,LAP-007,Byte,16,256,"[""LAP-012"",""LAP-017"",""LAP-027"",""LAP-032"",""LAP-037"",""LAP-047""]",1,6,5.558360396628552,36,26850,0.8430266466908114,135811.59278188972,3,Medium,0.05,Medium,0.25,Low,0,57,6.0,61,7.0,0,14,37.0,True,OPPORTUNITY
20260822,53,LAP-023,CoreX,8,1024,"[""LAP-028"",""LAP-033"",""LAP-038""]",1,17,17.357365735190076,43,40220,1.075201188124268,735158.060368087,3,Low,0.02,Low,0.1,Low,0,91,13.0,43,2.0,43,17,104.0,True,OPPORTUNITY
20260822,54,LAP-009,Nova,16,256,[],0,35,34.921854768431636,71,47820,0.9476890487804119,1586147.1609437754,3,Low,0.02,High,0.5,Medium,2,88,6.0,0,,0,27,55.0,True,BASELINE_ACCEPT
20260822,55,LAP-036,Aster,64,2048,[],0,26,25.514285187610547,46,63850,0.7942238848823541,1318491.071293196,5,Low,0.02,Low,0.1,Low,0,109,18.0,0,,0,29,62.0,True,BASELINE_ACCEPT
20260822,56,LAP-018,CoreX,64,512,[],0,11,11.451354705777801,65,48660,0.8082511726502553,432624.5226727756,3,Medium,0.05,Low,0.1,Low,0,73,24.0,0,,0,25,24.0,True,BASELINE_ACCEPT
20260822,57,LAP-015,Vertex,32,512,[],0,46,45.64312186375384,54,50860,0.9655070219054853,2258861.608169197,7,Medium,0.05,Medium,0.25,Medium,2,108,10.0,0,,0,48,50.0,True,BASELINE_ACCEPT
20260822,58,LAP-023,CoreX,8,1024,"[""LAP-028"",""LAP-033"",""LAP-038""]",1,34,33.89223673856917,43,40220,0.9589083512035127,1311287.9921037795,5,Low,0.02,Medium,0.25,Low,0,91,13.0,43,2.0,43,27,94.0,True,OPPORTUNITY
20260822,59,LAP-021,Aster,8,1024,[],0,18,17.536850885728278,68,52420,0.8053247313994822,759872.2035592955,7,High,0.1,High,0.5,Low,0,153,23.0,0,,0,60,70.0,True,BASELINE_ACCEPT
20260822,60,LAP-039,Nova,64,2048,[],1,9,9.244851591103062,49,57140,1.017992465758524,523512.80544097855,2,Low,0.02,Low,0.1,Medium,2,79,6.0,43,10.0,0,13,60.0,True,BASELINE_ACCEPT
20260822,61,LAP-025,Vertex,8,1024,[],0,18,18.014599565486677,34,35260,1.0663255479549878,676775.4987760717,2,Medium,0.05,Medium,0.25,Low,0,33,5.0,54,7.0,0,9,19.0,True,OPPORTUNITY
20260822,62,LAP-027,Byte,16,1024,"[""LAP-032"",""LAP-037""]",1,15,14.76456955814344,60,43910,1.0717726405152284,705923.0496753552,7,Medium,0.05,Low,0.1,Low,0,149,14.0,0,,0,53,82.0,True,OPPORTUNITY
20260822,63,LAP-034,Nova,32,2048,"[""LAP-039""]",1,11,11.27234714786303,29,54610,1.0311955460717548,619449.4764807639,3,Medium,0.05,Medium,0.25,Medium,2,51,15.0,54,3.0,54,11,79.0,True,OPPORTUNITY
20260822,64,LAP-046,Aster,16,256,[],0,3,2.952151639755037,20,88820,1.0346428385080477,275690.9307488544,7,Low,0.02,Low,0.1,Medium,2,15,5.0,0,,0,14,-4.0,False,HARD_REJECT
20260822,65,LAP-046,Aster,16,256,[],0,4,3.894434789788798,20,88820,0.8064389900784559,286511.6443950738,7,Medium,0.05,Low,0.1,Low,0,15,5.0,0,,0,14,-4.0,False,HARD_REJECT
20260822,66,LAP-034,Nova,32,2048,"[""LAP-039""]",1,17,17.129523580771384,29,54610,1.0077122581576883,935529.8291058531,7,Medium,0.05,Medium,0.25,Medium,2,51,15.0,54,3.0,54,26,64.0,True,OPPORTUNITY
20260822,67,LAP-002,Byte,8,256,[],0,23,23.02574215207256,56,30490,0.8386743634924415,588137.1708863445,2,Medium,0.05,Medium,0.25,Medium,2,118,14.0,70,4.0,0,14,90.0,True,OPPORTUNITY
20260822,68,LAP-035,Vertex,32,2048,[],0,4,3.9028623676109815,23,70250,0.9296703419978003,261237.3661013819,3,Low,0.02,Low,0.1,Low,0,47,12.0,0,,0,9,26.0,True,OPPORTUNITY
20260822,69,LAP-043,CoreX,8,256,"[""LAP-003"",""LAP-008"",""LAP-013"",""LAP-018"",""LAP-023"",""LAP-028"",""LAP-033"",""LAP-038"",""LAP-048""]",1,5,4.926627573600084,20,84550,0.9809023369755044,414676.4629563945,5,Low,0.02,Low,0.1,Low,0,47,0.0,0,,0,12,35.0,True,OPPORTUNITY
20260822,70,LAP-050,Vertex,16,256,[],0,2,1.9992965227307584,20,116540,1.0726359914454162,250009.99688609762,7,Low,0.02,Medium,0.25,Medium,2,27,0.0,15,8.0,0,10,17.0,True,OPPORTUNITY
20260822,71,LAP-023,CoreX,8,1024,"[""LAP-028"",""LAP-033"",""LAP-038""]",1,11,10.76029071468881,43,40220,1.2372179429946548,547369.9623396952,5,Medium,0.05,Low,0.1,Low,0,91,13.0,43,2.0,43,27,94.0,True,OPPORTUNITY
20260822,72,LAP-041,Aster,8,256,[],0,4,3.910475302238542,20,81770,0.7409478655939852,242349.22787848068,7,Low,0.02,Low,0.1,High,3,40,0.0,35,7.0,35,18,57.0,True,OPPORTUNITY
20260822,73,LAP-001,Aster,8,256,[],0,14,14.358369508554645,89,28840,1.0480212762133299,423149.0704838941,7,Low,0.02,High,0.5,Low,0,188,21.0,0,,0,78,89.0,True,OPPORTUNITY
20260822,74,LAP-030,Vertex,16,1024,"[""LAP-035"",""LAP-040""]",1,9,8.929413665072705,37,63920,0.9121370541213192,524734.2044949125,3,Medium,0.05,Medium,0.25,High,3,91,11.0,0,,0,14,66.0,True,OPPORTUNITY
20260822,75,LAP-046,Aster,16,256,"[""LAP-006"",""LAP-011"",""LAP-016"",""LAP-026"",""LAP-031"",""LAP-036""]",1,4,3.843595576687537,20,88820,0.7998548350535513,284172.4257978257,7,Low,0.02,Low,0.1,Low,0,15,5.0,0,,0,14,-4.0,False,CONSTRAINT_CONFLICT
20260822,76,LAP-024,Nova,8,1024,[],0,20,20.4860392752524,45,55190,0.8516610052401745,940063.4175841046,7,Medium,0.05,Low,0.1,Medium,2,72,15.0,0,,0,40,17.0,False,HARD_REJECT
20260822,77,LAP-025,Vertex,8,1024,[],0,16,16.29272383775304,34,35260,0.8091482294620765,456489.0651333251,5,Low,0.02,Medium,0.25,Low,0,33,5.0,54,7.0,0,21,7.0,False,HARD_REJECT
20260822,78,LAP-026,Aster,16,1024,"[""LAP-031"",""LAP-036""]",1,14,14.055290010351758,38,41610,0.9718248034002114,566126.8209727592,5,High,0.1,Low,0.1,Low,0,93,9.0,0,,0,24,60.0,True,OPPORTUNITY
20260822,79,LAP-044,Nova,8,256,"[""LAP-004"",""LAP-009"",""LAP-014"",""LAP-019"",""LAP-024"",""LAP-029"",""LAP-034"",""LAP-039"",""LAP-049""]",1,5,5.137236842964716,28,103300,0.9942497331903764,513529.9871928294,2,Low,0.02,High,0.5,Low,0,58,9.0,0,,0,7,42.0,True,OPPORTUNITY
20260822,80,LAP-032,Byte,32,2048,[],0,14,14.446834402482974,28,57010,0.8799564001185303,702328.4011906037,10,Low,0.02,Medium,0.25,High,3,38,1.0,38,5.0,38,35,40.0,True,OPPORTUNITY
20260822,81,LAP-031,Aster,32,2048,"[""LAP-036""]",1,24,23.712397111226664,32,64830,0.8334936356402639,1296849.4175653993,5,Medium,0.05,Low,0.1,Medium,2,31,4.0,31,4.0,31,20,38.0,True,OPPORTUNITY
20260822,82,LAP-010,Vertex,16,256,[],0,38,37.65770769168214,51,49440,0.9557762003288203,1795635.8630817612,10,High,0.1,Medium,0.25,Low,0,107,10.0,0,,0,63,34.0,False,CONSTRAINT_CONFLICT
20260822,83,LAP-026,Aster,16,1024,[],0,25,25.243420277126,38,41610,1.0248539970498618,1066104.3704311186,3,High,0.1,Low,0.1,Low,0,93,9.0,0,,0,15,69.0,True,OPPORTUNITY
20260822,84,LAP-021,Aster,8,1024,[],0,17,17.36676449664246,68,52420,0.9940149777353968,885806.5072591215,5,Low,0.02,Low,0.1,Low,0,153,23.0,0,,0,43,87.0,True,BASELINE_ACCEPT
20260822,85,LAP-010,Vertex,16,256,"[""LAP-015"",""LAP-020"",""LAP-030"",""LAP-035"",""LAP-040"",""LAP-050""]",1,39,38.56966916918476,51,49440,0.9299280346223487,1793050.039237428,7,Low,0.02,Medium,0.25,High,3,107,10.0,0,,0,45,52.0,True,OPPORTUNITY
20260822,86,LAP-016,Aster,64,512,[],0,16,15.814577511307867,53,47830,0.9095107313659047,696030.3724996995,2,Low,0.02,Low,0.1,Low,0,92,19.0,0,,0,14,59.0,True,OPPORTUNITY
20260822,87,LAP-001,Aster,8,256,[],0,12,12.424803425408287,89,28840,0.9895385279364404,342459.49374824326,3,Medium,0.05,Low,0.1,Medium,2,188,21.0,0,,0,34,133.0,True,OPPORTUNITY
20260822,88,LAP-004,Nova,8,256,[],0,45,45.03052112570805,52,28000,0.813872376731385,1025479.1946815451,3,Medium,0.05,High,0.5,Medium,2,116,11.0,0,,0,20,85.0,True,OPPORTUNITY
20260822,89,LAP-042,Byte,8,256,"[""LAP-002"",""LAP-007"",""LAP-012"",""LAP-017"",""LAP-022"",""LAP-027"",""LAP-032"",""LAP-037"",""LAP-047""]",1,11,11.290832501819931,27,84040,0.8062261559134545,745307.7075726339,5,Medium,0.05,Medium,0.25,Low,0,30,1.0,0,,0,17,12.0,True,OPPORTUNITY
20260822,90,LAP-037,Byte,64,2048,[],0,25,25.26113627442303,37,66430,0.9748775775584451,1619027.9369301877,3,Low,0.02,Medium,0.25,High,3,51,4.0,0,,0,14,33.0,True,OPPORTUNITY
20260822,91,LAP-024,Nova,8,1024,"[""LAP-029"",""LAP-034"",""LAP-039""]",1,45,54.903279355213364,45,55190,0.9748565317194329,2421104.9393517976,7,Low,0.02,Medium,0.25,High,3,72,15.0,0,,0,40,17.0,False,CONSTRAINT_CONFLICT
20260822,92,LAP-018,CoreX,64,512,"[""LAP-038""]",1,26,26.0362803265395,65,48660,0.7557243159767931,956112.1756011996,7,High,0.1,Medium,0.25,Medium,2,73,24.0,0,,0,57,-8.0,False,CONSTRAINT_CONFLICT
20260822,93,LAP-046,Aster,16,256,"[""LAP-006"",""LAP-011"",""LAP-016"",""LAP-026"",""LAP-031"",""LAP-036""]",1,7,6.976604394301716,20,88820,0.9754185372423785,606456.7213450765,5,Medium,0.05,Medium,0.25,Low,0,15,5.0,0,,0,10,0.0,False,CONSTRAINT_CONFLICT
20260822,94,LAP-006,Aster,16,256,[],0,21,20.842767906590616,53,34710,0.9603338893012594,699996.975250581,10,High,0.1,Medium,0.25,Medium,2,124,15.0,33,8.0,33,66,76.0,True,BASELINE_ACCEPT
20260822,95,LAP-028,CoreX,16,1024,"[""LAP-033"",""LAP-038""]",1,3,2.752866678417981,27,52120,0.9754126854913618,152515.52750342933,2,High,0.1,Medium,0.25,Low,0,56,7.0,33,10.0,0,7,42.0,True,OPPORTUNITY
20260822,96,LAP-016,Aster,64,512,[],0,8,7.805567318606523,53,47830,0.7734130057550259,295938.75252210314,2,Low,0.02,Low,0.1,Medium,2,92,19.0,0,,0,14,59.0,True,OPPORTUNITY
20260822,97,LAP-034,Nova,32,2048,"[""LAP-039""]",1,8,8.057231145441229,29,54610,0.9850761528708714,430360.0696662263,5,Low,0.02,Low,0.1,Low,0,51,15.0,54,3.0,54,19,71.0,True,OPPORTUNITY
20260822,98,LAP-042,Byte,8,256,[],0,13,12.831791195141939,27,84040,1.0725433136058375,1171775.0209806496,5,Low,0.02,High,0.5,Medium,2,30,1.0,0,,0,17,12.0,False,CONSTRAINT_CONFLICT
20260822,99,LAP-008,CoreX,16,256,[],0,16,16.15094764837723,63,32230,1.0283528936286785,530301.020186437,7,Low,0.02,Medium,0.25,Low,0,141,11.0,0,,0,55,75.0,True,OPPORTUNITY
20260822,100,LAP-024,Nova,8,1024,[],0,18,17.60987600765399,45,55190,0.9723100176398453,965912.2177237751,7,Low,0.02,Low,0.1,Medium,2,72,15.0,0,,0,40,17.0,False,CONSTRAINT_CONFLICT
20260823,1,LAP-030,Vertex,16,1024,"[""LAP-035"",""LAP-040""]",1,16,16.224889218891214,37,63920,0.8334861684768908,852422.9742246858,3,Low,0.02,Low,0.1,Medium,2,91,11.0,0,,0,14,66.0,True,OPPORTUNITY
20260823,2,LAP-021,Aster,8,1024,[],0,29,28.948151261467142,68,52420,0.7431721730695112,1129755.4740568097,3,Medium,0.05,Medium,0.25,Low,0,153,23.0,0,,0,26,104.0,True,BASELINE_ACCEPT
20260823,3,LAP-043,CoreX,8,256,[],0,6,6.00367425117961,20,84550,1.0716147114651178,543630.1431262542,5,Low,0.02,Medium,0.25,Medium,2,47,0.0,0,,0,12,35.0,True,OPPORTUNITY
20260823,4,LAP-003,CoreX,8,256,[],0,77,76.83982300198738,113,32360,0.9894039088286055,2465317.507706413,5,Low,0.02,Medium,0.25,Low,0,239,26.0,183,10.0,0,71,142.0,True,BASELINE_ACCEPT
20260823,5,LAP-026,Aster,16,1024,"[""LAP-031"",""LAP-036""]",1,20,20.48657640847227,38,41610,0.9383191450205626,780869.1924861121,2,Low,0.02,Low,0.1,Medium,2,93,9.0,0,,0,10,74.0,True,OPPORTUNITY
20260823,6,LAP-007,Byte,16,256,"[""LAP-012"",""LAP-017"",""LAP-027"",""LAP-032"",""LAP-037"",""LAP-047""]",1,9,9.321302552949863,36,26850,1.0175983007021405,245902.62936467226,5,Low,0.02,Low,0.1,Low,0,57,6.0,61,7.0,0,22,29.0,True,OPPORTUNITY
20260823,7,LAP-029,Nova,16,1024,"[""LAP-034"",""LAP-039""]",1,23,23.40993863520901,26,70420,1.002887374377273,1624336.564783894,7,Low,0.02,Low,0.1,Low,0,45,3.0,23,9.0,0,23,19.0,False,CONSTRAINT_CONFLICT
20260823,8,LAP-049,Nova,16,256,[],0,10,9.681238686676037,20,117210,0.9523425007382282,1116240.6451152773,7,Low,0.02,Low,0.1,Medium,2,17,5.0,0,,0,12,0.0,False,HARD_REJECT
20260823,9,LAP-031,Aster,32,2048,"[""LAP-036""]",1,15,14.886819401281954,32,64830,0.8627201151261913,838952.1759544647,5,High,0.1,Low,0.1,Low,0,31,4.0,31,4.0,31,20,38.0,True,OPPORTUNITY
20260823,10,LAP-002,Byte,8,256,"[""LAP-007"",""LAP-012"",""LAP-017"",""LAP-022"",""LAP-027"",""LAP-032"",""LAP-037"",""LAP-042"",""LAP-047""]",1,9,8.624961555688007,56,30490,1.0019202203845086,274936.92767571297,5,Low,0.02,High,0.5,Low,0,118,14.0,70,4.0,70,35,139.0,True,OPPORTUNITY
20260823,11,LAP-037,Byte,64,2048,[],0,37,60.59855388083444,37,66430,0.8289943918057481,2037593.6055632662,7,Low,0.02,Low,0.1,Medium,2,51,4.0,0,,0,33,14.0,False,HARD_REJECT
20260823,12,LAP-045,Vertex,8,256,[],0,6,6.25311992243068,20,91230,0.8553557051469755,468204.6058833514,2,High,0.1,Low,0.1,Low,0,21,7.0,17,6.0,0,5,9.0,True,BASELINE_ACCEPT
20260823,13,LAP-012,Byte,32,512,[],0,16,15.547674461581877,43,37160,0.8761348793576215,520914.7538708674,7,Low,0.02,Low,0.1,Low,0,69,18.0,0,,0,38,13.0,False,HARD_REJECT
20260823,14,LAP-028,CoreX,16,1024,"[""LAP-033"",""LAP-038""]",1,11,11.046445950701349,27,52120,0.8835189364518045,506539.0766465485,7,Medium,0.05,Low,0.1,High,3,56,7.0,33,10.0,0,24,25.0,True,OPPORTUNITY
20260823,15,LAP-030,Vertex,16,1024,"[""LAP-035"",""LAP-040""]",1,17,16.60963581229754,37,63920,0.828725589392556,900526.3744575271,7,Low,0.02,Low,0.1,Low,0,91,11.0,0,,0,32,48.0,True,OPPORTUNITY
20260823,16,LAP-014,Nova,32,512,[],0,16,15.564285570535345,42,45030,0.9231103587793925,665082.5512933767,7,Low,0.02,Low,0.1,Medium,2,42,3.0,0,,0,37,2.0,False,HARD_REJECT
20260823,17,LAP-004,Nova,8,256,"[""LAP-009"",""LAP-014"",""LAP-019"",""LAP-024"",""LAP-029"",""LAP-034"",""LAP-039"",""LAP-044"",""LAP-049""]",1,52,55.7368927514962,52,28000,0.9286375589671336,1352096.2858561466,5,High,0.1,High,0.5,Medium,2,116,11.0,0,,0,33,72.0,True,OPPORTUNITY
20260823,18,LAP-038,CoreX,64,2048,[],0,8,7.705167624593337,31,61880,0.9713049112869608,480834.7832834971,3,Medium,0.05,Medium,0.25,High,3,61,9.0,30,6.0,0,12,40.0,True,OPPORTUNITY
20260823,19,LAP-021,Aster,8,1024,[],0,12,12.163349075100914,68,52420,0.8820415140981461,554839.3940282979,10,High,0.1,Medium,0.25,Medium,2,153,23.0,0,,0,85,45.0,True,BASELINE_ACCEPT
20260823,20,LAP-030,Vertex,16,1024,[],0,14,14.231213434096437,37,63920,0.9335185526803988,835387.0824226353,3,Low,0.02,Low,0.1,Medium,2,91,11.0,0,,0,14,66.0,True,BASELINE_ACCEPT
20260823,21,LAP-029,Nova,16,1024,[],0,20,20.244631078217367,26,70420,1.0719218016015877,1509694.665375676,5,Low,0.02,Low,0.1,Low,0,45,3.0,23,9.0,0,17,25.0,True,OPPORTUNITY
20260823,22,LAP-030,Vertex,16,1024,[],0,9,9.166008675194032,37,63920,0.7562371171495431,435048.08875378914,3,Medium,0.05,Medium,0.25,Low,0,91,11.0,0,,0,14,66.0,True,BASELINE_ACCEPT
20260823,23,LAP-012,Byte,32,512,"[""LAP-017"",""LAP-032"",""LAP-037""]",1,9,8.671132363719325,43,37160,1.00281213965241,335380.49198535195,7,Low,0.02,Medium,0.25,Medium,2,69,18.0,0,,0,38,13.0,True,OPPORTUNITY
20260823,24,LAP-036,Aster,64,2048,[],0,10,9.787435046208907,46,63850,0.9994673030578358,638159.8730024282,5,Low,0.02,Low,0.1,High,3,109,18.0,0,,0,29,62.0,True,BASELINE_ACCEPT
20260823,25,LAP-018,CoreX,64,512,"[""LAP-038""]",1,18,18.274593682270794,65,48660,0.9818751777230801,860004.8306640914,3,Low,0.02,Medium,0.25,Low,0,73,24.0,0,,0,25,24.0,True,OPPORTUNITY
20260823,26,LAP-028,CoreX,16,1024,"[""LAP-033"",""LAP-038""]",1,19,19.242669275244346,27,52120,1.0581371748959256,1047852.0815559372,7,Low,0.02,Medium,0.25,Low,0,56,7.0,33,10.0,0,24,25.0,True,OPPORTUNITY
20260823,27,LAP-016,Aster,64,512,"[""LAP-036""]",1,35,34.705283588266305,53,47830,0.9375009274265145,1569423.4275583567,3,Medium,0.05,Medium,0.25,Low,0,92,19.0,0,,0,20,53.0,True,OPPORTUNITY
20260823,28,LAP-045,Vertex,8,256,"[""LAP-005"",""LAP-010"",""LAP-015"",""LAP-020"",""LAP-025"",""LAP-030"",""LAP-035"",""LAP-040"",""LAP-050""]",1,16,16.055991940862498,20,91230,0.822408525605012,1200453.2766551238,7,High,0.1,Low,0.1,Low,0,21,7.0,17,6.0,17,17,14.0,False,CONSTRAINT_CONFLICT
20260823,29,LAP-033,CoreX,32,2048,[],0,9,9.065212342739096,37,65810,0.8670455648846926,513542.4176255546,10,High,0.1,High,0.5,High,3,86,4.0,0,,0,46,36.0,True,BASELINE_ACCEPT
20260823,30,LAP-006,Aster,16,256,"[""LAP-011"",""LAP-016"",""LAP-026"",""LAP-031"",""LAP-036"",""LAP-046""]",1,17,17.339875311225207,53,34710,0.8982789277188818,530047.4468790806,5,Medium,0.05,Medium,0.25,Medium,2,124,15.0,33,8.0,0,33,76.0,True,OPPORTUNITY
20260823,31,LAP-025,Vertex,8,1024,[],0,9,8.634656587321365,34,35260,1.267314766854008,402169.66811345087,10,Medium,0.05,Medium,0.25,Medium,2,33,5.0,54,7.0,54,42,40.0,True,OPPORTUNITY
20260823,32,LAP-036,Aster,64,2048,[],0,25,25.052473657023626,46,63850,0.8823922426653075,1408518.617354497,7,Low,0.02,Low,0.1,Low,0,109,18.0,0,,0,41,50.0,True,BASELINE_ACCEPT
20260823,33,LAP-006,Aster,16,256,"[""LAP-011"",""LAP-016"",""LAP-026"",""LAP-031"",""LAP-036"",""LAP-046""]",1,15,15.384590395619956,53,34710,0.9065093294823685,471974.08239499514,10,High,0.1,Medium,0.25,Low,0,124,15.0,33,8.0,33,66,76.0,True,OPPORTUNITY
20260823,34,LAP-030,Vertex,16,1024,[],0,20,20.322426384274674,37,63920,0.8263344421924608,1056385.950898842,7,Medium,0.05,High,0.5,High,3,91,11.0,0,,0,32,48.0,True,BASELINE_ACCEPT
20260823,35,LAP-013,CoreX,32,512,"[""LAP-018"",""LAP-033"",""LAP-038""]",1,7,7.208519882192808,36,41240,1.0230332212262994,295329.2303036081,5,Low,0.02,Low,0.1,Low,0,76,12.0,53,7.0,0,23,41.0,True,OPPORTUNITY
20260823,36,LAP-015,Vertex,32,512,[],0,26,25.843787206328336,54,50860,0.9222291410879776,1219518.927009098,5,Medium,0.05,Low,0.1,High,3,108,10.0,0,,0,34,64.0,True,BASELINE_ACCEPT
20260823,37,LAP-046,Aster,16,256,[],0,2,1.9844507417463328,20,88820,0.8433205263922872,149807.4583083259,5,Medium,0.05,Medium,0.25,High,3,15,5.0,0,,0,10,0.0,False,HARD_REJECT
20260823,38,LAP-021,Aster,8,1024,[],0,63,62.846682334926314,68,52420,0.8767246427220349,2895348.0636038114,7,Medium,0.05,Low,0.1,Low,0,153,23.0,0,,0,60,70.0,True,BASELINE_ACCEPT
20260823,39,LAP-033,CoreX,32,2048,"[""LAP-038""]",1,8,8.202639090239735,37,65810,0.9152859646569923,481879.7546726133,3,Low,0.02,Medium,0.25,Low,0,86,4.0,0,,0,14,68.0,True,OPPORTUNITY
20260823,40,LAP-024,Nova,8,1024,"[""LAP-029"",""LAP-034"",""LAP-039""]",1,23,23.435981340442858,45,55190,0.9239370708011829,1172817.9995628975,5,Medium,0.05,Medium,0.25,Medium,2,72,15.0,0,,0,28,29.0,True,OPPORTUNITY
20260823,41,LAP-049,Nova,16,256,"[""LAP-009"",""LAP-014"",""LAP-019"",""LAP-029"",""LAP-034"",""LAP-039""]",1,7,7.285984080362193,20,117210,0.979708836836204,803821.7093590003,5,Low,0.02,High,0.5,High,3,17,5.0,0,,0,9,3.0,False,CONSTRAINT_CONFLICT
20260823,42,LAP-031,Aster,32,2048,[],0,5,5.4720802977535055,32,64830,0.6792844056609535,220190.04009499808,3,Low,0.02,Low,0.1,Low,0,31,4.0,31,4.0,0,12,15.0,True,OPPORTUNITY
20260823,43,LAP-043,CoreX,8,256,"[""LAP-003"",""LAP-008"",""LAP-013"",""LAP-018"",""LAP-023"",""LAP-028"",""LAP-033"",""LAP-038"",""LAP-048""]",1,5,5.2026667798836,20,84550,0.941303603209375,397936.0982567633,5,Low,0.02,Medium,0.25,Low,0,47,0.0,0,,0,12,35.0,True,OPPORTUNITY
20260823,44,LAP-025,Vertex,8,1024,"[""LAP-030"",""LAP-035"",""LAP-040""]",1,8,7.663759180195386,34,35260,0.883530805965585,249226.36974677222,5,Low,0.02,Low,0.1,Medium,2,33,5.0,54,7.0,0,21,7.0,False,CONSTRAINT_CONFLICT
20260823,45,LAP-026,Aster,16,1024,[],0,16,15.74844432309968,38,41610,0.6953056249150863,462906.67284346785,10,Medium,0.05,Medium,0.25,Low,0,93,9.0,0,,0,47,37.0,True,OPPORTUNITY
20260823,46,LAP-028,CoreX,16,1024,"[""LAP-033"",""LAP-038""]",1,18,18.342274201403438,27,52120,1.0087564210173106,946374.9239416,3,Low,0.02,Low,0.1,Low,0,56,7.0,33,10.0,0,10,39.0,True,OPPORTUNITY
20260823,47,LAP-041,Aster,8,256,"[""LAP-001"",""LAP-006"",""LAP-011"",""LAP-016"",""LAP-021"",""LAP-026"",""LAP-031"",""LAP-036"",""LAP-046""]",1,13,12.912092832634995,20,81770,0.8530155565431786,906764.0667609643,5,Medium,0.05,High,0.5,Medium,2,40,0.0,35,7.0,0,13,27.0,True,OPPORTUNITY
20260823,48,LAP-042,Byte,8,256,[],0,11,11.494096027708142,27,84040,0.953325573860926,881292.2934999944,5,Medium,0.05,Low,0.1,Low,0,30,1.0,0,,0,17,12.0,True,BASELINE_ACCEPT
20260823,49,LAP-017,Byte,64,512,"[""LAP-037""]",1,16,16.171636290352225,45,41040,1.1538403183846955,757657.7066641265,3,High,0.1,Low,0.1,Low,0,83,18.0,0,,0,17,48.0,True,OPPORTUNITY
20260823,50,LAP-032,Byte,32,2048,[],0,28,32.729370504748,28,57010,0.8610171553094723,1374424.4646774044,10,Medium,0.05,Medium,0.25,Medium,2,38,1.0,38,5.0,38,35,40.0,True,OPPORTUNITY
20260823,51,LAP-014,Nova,32,512,[],0,9,9.185558809488212,42,45030,0.8949640551983025,362702.08265021606,3,Low,0.02,Medium,0.25,High,3,42,3.0,0,,0,16,23.0,True,OPPORTUNITY
20260823,52,LAP-025,Vertex,8,1024,"[""LAP-030"",""LAP-035"",""LAP-040""]",1,7,7.038719256380043,34,35260,0.886037875710326,218691.86848282267,10,Medium,0.05,Low,0.1,Medium,2,33,5.0,54,7.0,54,42,40.0,True,OPPORTUNITY
20260823,53,LAP-036,Aster,64,2048,[],1,46,47.477980168835586,46,63850,1.0286886630705911,3021361.4723046334,7,Low,0.02,Low,0.1,Medium,2,109,18.0,0,,0,41,50.0,True,BASELINE_ACCEPT
20260823,54,LAP-011,Aster,32,512,[],0,29,29.485666350909934,65,47120,0.8837202518882398,1207586.0498002418,2,High,0.1,Medium,0.25,Medium,2,146,20.0,0,,0,17,109.0,True,OPPORTUNITY
20260823,55,LAP-047,Byte,16,256,"[""LAP-007"",""LAP-012"",""LAP-017"",""LAP-027"",""LAP-032"",""LAP-037""]",1,3,3.2388646732111352,23,73300,0.8915015866550315,196041.19890544144,2,Low,0.02,Low,0.1,Low,0,42,7.0,0,,0,6,29.0,True,OPPORTUNITY
20260823,56,LAP-009,Nova,16,256,[],0,11,11.370675930228485,71,47820,0.8474911744083202,445797.3075622646,5,Low,0.02,Low,0.1,Low,0,88,6.0,0,,0,44,38.0,True,BASELINE_ACCEPT
20260823,57,LAP-039,Nova,64,2048,[],0,25,24.952505689335307,49,57140,0.9187659661730486,1312457.1826781998,5,Medium,0.05,Medium,0.25,Low,0,79,6.0,43,10.0,0,31,42.0,True,BASELINE_ACCEPT
20260823,58,LAP-001,Aster,8,256,[],0,43,43.3187514515426,89,28840,0.8546255179191006,1059838.197281835,3,Medium,0.05,Low,0.1,High,3,188,21.0,0,,0,34,133.0,True,OPPORTUNITY
20260823,59,LAP-011,Aster,32,512,[],0,10,10.235158680658463,65,47120,0.9107476060653407,429144.27197798854,5,High,0.1,Low,0.1,Low,0,146,20.0,0,,0,41,85.0,True,OPPORTUNITY
20260823,60,LAP-002,Byte,8,256,[],0,40,40.3379805767257,56,30490,0.7613196646972265,928505.4630647374,10,Low,0.02,Medium,0.25,High,3,118,14.0,70,4.0,70,70,104.0,True,OPPORTUNITY
20260823,61,LAP-018,CoreX,64,512,[],0,63,63.19104279775328,65,48660,1.1250194014905783,3448836.9768214873,7,Medium,0.05,Low,0.1,Medium,2,73,24.0,0,,0,57,-8.0,False,HARD_REJECT
20260823,62,LAP-006,Aster,16,256,"[""LAP-011"",""LAP-016"",""LAP-026"",""LAP-031"",""LAP-036"",""LAP-046""]",1,53,52.73415963646019,53,34710,1.0429512378760073,1918644.3857338394,3,Low,0.02,Low,0.1,High,3,124,15.0,33,8.0,0,20,89.0,True,OPPORTUNITY
20260823,63,LAP-039,Nova,64,2048,[],0,38,38.27546809265758,49,57140,0.9907285353175034,2151188.6833056016,5,Medium,0.05,Medium,0.25,Medium,2,79,6.0,43,10.0,0,31,42.0,True,BASELINE_ACCEPT
20260823,64,LAP-006,Aster,16,256,[],0,42,41.93364958479339,53,34710,1.045601786997354,1524299.1971204826,2,Low,0.02,Medium,0.25,Low,0,124,15.0,33,8.0,0,14,95.0,True,BASELINE_ACCEPT
20260823,65,LAP-020,Vertex,64,512,[],0,6,5.949944395921547,38,40710,0.8250898223422123,201536.44000530877,10,Low,0.02,Low,0.1,Low,0,89,5.0,61,7.0,61,47,98.0,True,OPPORTUNITY
20260823,66,LAP-047,Byte,16,256,[],0,15,15.221280497665008,23,73300,0.7828387239473484,860731.1769801097,5,Medium,0.05,Medium,0.25,Medium,2,42,7.0,0,,0,15,20.0,True,OPPORTUNITY
20260823,67,LAP-031,Aster,32,2048,"[""LAP-036""]",1,6,6.430610571275284,32,64830,0.8597069264382038,334408.80024593254,10,Medium,0.05,Medium,0.25,Low,0,31,4.0,31,4.0,31,40,18.0,True,OPPORTUNITY
20260823,68,LAP-024,Nova,8,1024,[],0,18,17.90018361376936,45,55190,1.0082912177025025,1001656.6614900201,5,Low,0.02,Low,0.1,Low,0,72,15.0,0,,0,28,29.0,True,BASELINE_ACCEPT
20260823,69,LAP-017,Byte,64,512,[],0,25,25.184857543888963,45,41040,0.8486890496254597,870754.9649157216,5,Low,0.02,Low,0.1,Medium,2,83,18.0,0,,0,28,37.0,True,OPPORTUNITY
20260823,70,LAP-041,Aster,8,256,[],0,20,20.14374023258269,20,81770,0.8959641493351209,1465259.7698226566,5,Medium,0.05,Medium,0.25,Medium,2,40,0.0,35,7.0,0,13,27.0,True,OPPORTUNITY
20260823,71,LAP-007,Byte,16,256,[],0,36,90.34285810683905,36,26850,1.0760566761991548,1040116.383214103,5,Low,0.02,Low,0.1,Medium,2,57,6.0,61,7.0,0,22,29.0,False,CONSTRAINT_CONFLICT
20260823,72,LAP-041,Aster,8,256,[],0,2,1.8189445988350277,20,81770,0.9081926329541701,148525.82319332496,5,Low,0.02,High,0.5,Low,0,40,0.0,35,7.0,0,13,27.0,True,OPPORTUNITY
20260823,73,LAP-017,Byte,64,512,[],0,39,38.723771190482644,45,41040,0.7805295408637003,1249284.361924804,7,High,0.1,Low,0.1,Low,0,83,18.0,0,,0,39,26.0,False,HARD_REJECT
20260823,74,LAP-005,Vertex,8,256,[],0,26,26.14683352356001,74,29990,0.999115252512846,779050.1269943665,5,Medium,0.05,High,0.5,Medium,2,101,10.0,0,,0,47,44.0,True,OPPORTUNITY
20260823,75,LAP-035,Vertex,32,2048,"[""LAP-040""]",1,3,3.366642066999069,23,70250,0.8906986420297536,187714.73880777057,7,Low,0.02,Low,0.1,High,3,47,12.0,0,,0,20,15.0,True,OPPORTUNITY
20260823,76,LAP-019,Nova,64,512,"[""LAP-039""]",1,10,10.19653534080401,45,50870,0.8608601439804129,437919.555242836,7,Low,0.02,Medium,0.25,Low,0,62,3.0,0,,0,40,19.0,True,OPPORTUNITY
20260823,77,LAP-008,CoreX,16,256,"[""LAP-013"",""LAP-018"",""LAP-028"",""LAP-033"",""LAP-038"",""LAP-048""]",1,10,10.172715910084369,63,32230,0.9256858617496521,298348.55324191286,7,Medium,0.05,Low,0.1,Low,0,141,11.0,0,,0,55,75.0,True,OPPORTUNITY
20260823,78,LAP-009,Nova,16,256,[],0,38,37.67531695306775,71,47820,1.0252049116024733,1862961.3571675504,5,Low,0.02,Low,0.1,Medium,2,88,6.0,0,,0,44,38.0,True,BASELINE_ACCEPT
20260823,79,LAP-020,Vertex,64,512,[],0,23,23.20164013062372,38,40710,0.9200758628433164,861494.6326560825,5,High,0.1,Low,0.1,Medium,2,89,5.0,61,7.0,0,24,60.0,True,OPPORTUNITY
20260823,80,LAP-014,Nova,32,512,[],0,12,11.741281805652486,42,45030,0.8485539147538825,458524.593376408,7,Medium,0.05,High,0.5,Low,0,42,3.0,0,,0,37,2.0,False,HARD_REJECT
20260823,81,LAP-030,Vertex,16,1024,"[""LAP-035"",""LAP-040""]",1,7,7.170879215641247,37,63920,0.8274780602779533,370246.78329076746,2,Low,0.02,Medium,0.25,Medium,2,91,11.0,0,,0,10,70.0,True,OPPORTUNITY
20260823,82,LAP-029,Nova,16,1024,"[""LAP-034"",""LAP-039""]",1,12,12.477730592883145,26,70420,0.8154935932464404,689124.706036972,3,Medium,0.05,Low,0.1,Low,0,45,3.0,23,9.0,0,10,32.0,True,OPPORTUNITY
20260823,83,LAP-032,Byte,32,2048,[],0,21,20.899575526440906,28,57010,0.8767012602170483,1049595.5157444524,7,Low,0.02,Low,0.1,Medium,2,38,1.0,38,5.0,38,25,50.0,True,OPPORTUNITY
20260823,84,LAP-010,Vertex,16,256,[],0,31,31.201527883721425,51,49440,1.079235559725315,1654079.5882574066,5,Low,0.02,Low,0.1,Low,0,107,10.0,0,,0,32,65.0,True,OPPORTUNITY
20260823,85,LAP-045,Vertex,8,256,[],0,8,7.674506652745806,20,91230,1.0524081401164467,768089.5569825874,10,Medium,0.05,High,0.5,Medium,2,21,7.0,17,6.0,17,24,7.0,False,CONSTRAINT_CONFLICT
20260823,86,LAP-033,CoreX,32,2048,[],0,13,12.544743150183738,37,65810,0.9370906470372228,801709.1612597553,3,Low,0.02,Low,0.1,Low,0,86,4.0,0,,0,14,68.0,True,BASELINE_ACCEPT
20260823,87,LAP-027,Byte,16,1024,"[""LAP-032"",""LAP-037""]",1,36,36.00806437377565,60,43910,0.7646084943018091,1208662.5234525278,5,Low,0.02,Medium,0.25,Low,0,149,14.0,0,,0,38,97.0,True,OPPORTUNITY
20260823,88,LAP-015,Vertex,32,512,[],0,9,9.08715328231983,54,50860,1.0678015661715843,488775.488899381,7,High,0.1,Medium,0.25,Low,0,108,10.0,0,,0,48,50.0,True,BASELINE_ACCEPT
20260823,89,LAP-049,Nova,16,256,[],0,2,2.1619748545021245,20,117210,0.8961216085702558,210068.82748103936,7,Medium,0.05,Low,0.1,Medium,2,17,5.0,0,,0,12,0.0,False,HARD_REJECT
20260823,90,LAP-034,Nova,32,2048,"[""LAP-039""]",1,16,15.807178926102276,29,54610,0.9267751528910014,809779.0575900414,5,Medium,0.05,High,0.5,Low,0,51,15.0,54,3.0,54,19,71.0,True,OPPORTUNITY
20260823,91,LAP-003,CoreX,8,256,[],0,62,61.52827828463564,113,32360,0.7906535675861404,1586304.0657194252,2,Medium,0.05,High,0.5,High,3,239,26.0,183,10.0,0,29,184.0,True,BASELINE_ACCEPT
20260823,92,LAP-015,Vertex,32,512,"[""LAP-020"",""LAP-035"",""LAP-040""]",1,6,5.612727059180279,54,50860,0.8631685467974565,263404.51374071185,7,Medium,0.05,Medium,0.25,Medium,2,108,10.0,0,,0,48,50.0,True,OPPORTUNITY
20260823,93,LAP-040,Vertex,64,2048,[],0,16,15.75715873044345,29,60870,0.9539696793235801,929090.1500868212,3,Medium,0.05,Low,0.1,Medium,2,47,4.0,0,,0,11,32.0,True,OPPORTUNITY
20260823,94,LAP-038,CoreX,64,2048,[],1,15,15.017788832357462,31,61880,0.9008465571204772,836165.774319227,5,Medium,0.05,Medium,0.25,Low,0,61,9.0,30,6.0,0,19,33.0,True,OPPORTUNITY
20260823,95,LAP-039,Nova,64,2048,[],1,27,26.664191589426512,49,57140,0.8725848093136988,1346206.392112988,5,Medium,0.05,Low,0.1,Medium,2,79,6.0,43,10.0,0,31,42.0,True,BASELINE_ACCEPT
20260823,96,LAP-044,Nova,8,256,"[""LAP-004"",""LAP-009"",""LAP-014"",""LAP-019"",""LAP-024"",""LAP-029"",""LAP-034"",""LAP-039"",""LAP-049""]",1,3,3.2907995054142383,28,103300,0.9719168951334507,301197.0458018564,10,Low,0.02,Medium,0.25,Low,0,58,9.0,0,,0,34,15.0,True,OPPORTUNITY
20260823,97,LAP-042,Byte,8,256,[],0,16,15.716531133246125,27,84040,0.9022337805813263,1213179.6307208745,2,Low,0.02,Low,0.1,Medium,2,30,1.0,0,,0,7,22.0,True,BASELINE_ACCEPT
20260823,98,LAP-015,Vertex,32,512,[],0,54,54.63970007309396,54,50860,0.9242477993244527,2538391.1259766496,3,High,0.1,Medium,0.25,Low,0,108,10.0,0,,0,21,77.0,True,BASELINE_ACCEPT
20260823,99,LAP-025,Vertex,8,1024,"[""LAP-030"",""LAP-035"",""LAP-040""]",1,26,25.61234323009724,34,35260,0.8867787482299144,812963.2852272564,5,Medium,0.05,Low,0.1,Low,0,33,5.0,54,7.0,0,21,7.0,False,CONSTRAINT_CONFLICT
20260823,100,LAP-048,CoreX,16,256,"[""LAP-008"",""LAP-013"",""LAP-018"",""LAP-028"",""LAP-033"",""LAP-038""]",1,7,6.537193189661653,20,110910,0.9050466861580743,702651.0957325441,5,Low,0.02,Medium,0.25,Low,0,14,3.0,8,7.0,0,8,3.0,False,CONSTRAINT_CONFLICT
20260824,1,LAP-005,Vertex,8,256,"[""LAP-010"",""LAP-015"",""LAP-020"",""LAP-025"",""LAP-030"",""LAP-035"",""LAP-040"",""LAP-045"",""LAP-050""]",1,15,14.550169164655927,74,29990,0.863346628586694,388376.4808697243,3,Low,0.02,Medium,0.25,High,3,101,10.0,0,,0,28,63.0,True,OPPORTUNITY
20260824,2,LAP-018,CoreX,64,512,[],0,6,6.045790398286678,65,48660,0.923838092845214,269723.76958708867,2,Medium,0.05,Low,0.1,Low,0,73,24.0,0,,0,17,32.0,True,BASELINE_ACCEPT
20260824,3,LAP-041,Aster,8,256,"[""LAP-001"",""LAP-006"",""LAP-011"",""LAP-016"",""LAP-021"",""LAP-026"",""LAP-031"",""LAP-036"",""LAP-046""]",1,20,20.01940078609869,20,81770,0.7798475197130686,1275362.6337387525,3,Medium,0.05,Medium,0.25,Low,0,40,0.0,35,7.0,0,8,32.0,True,OPPORTUNITY
20260824,4,LAP-012,Byte,32,512,"[""LAP-017"",""LAP-032"",""LAP-037""]",1,25,25.479833190249845,43,37160,1.074316307665702,998039.8498214373,10,Medium,0.05,Low,0.1,Low,0,69,18.0,0,,0,53,-2.0,False,CONSTRAINT_CONFLICT
20260824,5,LAP-022,Byte,8,1024,[],0,19,18.83371643758453,45,41410,0.9376804631796903,737757.6116251486,3,Low,0.02,Medium,0.25,Medium,2,61,5.0,0,,0,17,39.0,True,OPPORTUNITY
20260824,6,LAP-028,CoreX,16,1024,"[""LAP-033"",""LAP-038""]",1,19,18.99611928366129,27,52120,0.9649354802113433,955556.3073436891,5,Low,0.02,Low,0.1,Medium,2,56,7.0,33,10.0,0,17,32.0,True,OPPORTUNITY
20260824,7,LAP-005,Vertex,8,256,[],0,48,48.43591697643419,74,29990,1.0419493637693802,1499906.9481332982,5,Low,0.02,Low,0.1,High,3,101,10.0,0,,0,47,44.0,False,CONSTRAINT_CONFLICT
20260824,8,LAP-001,Aster,8,256,"[""LAP-006"",""LAP-011"",""LAP-016"",""LAP-021"",""LAP-026"",""LAP-031"",""LAP-036"",""LAP-041"",""LAP-046""]",1,41,41.42670153118456,89,28840,0.8833744335363011,1044537.2651906639,3,Low,0.02,Medium,0.25,Low,0,188,21.0,0,,0,34,133.0,True,OPPORTUNITY
20260824,9,LAP-013,CoreX,32,512,[],0,9,8.79773744887871,36,41240,0.9450449006477688,350762.86532442586,3,Low,0.02,Low,0.1,Medium,2,76,12.0,53,7.0,0,14,50.0,True,OPPORTUNITY
20260824,10,LAP-018,CoreX,64,512,"[""LAP-038""]",1,42,42.148987579777824,65,48660,0.982984645036219,2008945.3787534214,5,High,0.1,Low,0.1,High,3,73,24.0,0,,0,41,8.0,False,HARD_REJECT
20260824,11,LAP-043,CoreX,8,256,[],0,4,3.5537035939247716,20,84550,1.1006096346353653,372226.17843368056,7,Low,0.02,Medium,0.25,Low,0,47,0.0,0,,0,17,30.0,True,OPPORTUNITY
20260824,12,LAP-021,Aster,8,1024,[],0,16,15.83349765489694,68,52420,0.8719677878696483,731336.8230420315,3,Low,0.02,Low,0.1,Low,0,153,23.0,0,,0,26,104.0,True,BASELINE_ACCEPT
20260824,13,LAP-007,Byte,16,256,[],0,10,9.587486558150742,36,26850,0.8610730000391476,231198.1005105111,3,Low,0.02,Low,0.1,Medium,2,57,6.0,61,7.0,0,14,37.0,True,OPPORTUNITY
20260824,14,LAP-004,Nova,8,256,[],0,15,14.867933608625714,52,28000,0.8543241836089568,358816.15711576183,3,Low,0.02,High,0.5,High,3,116,11.0,0,,0,20,85.0,True,OPPORTUNITY
20260824,15,LAP-023,CoreX,8,1024,"[""LAP-028"",""LAP-033"",""LAP-038""]",1,8,8.167129059992941,43,40220,0.9090354030141431,292491.2312738307,2,Low,0.02,Low,0.1,High,3,91,13.0,43,2.0,43,11,110.0,True,OPPORTUNITY
20260824,16,LAP-044,Nova,8,256,[],0,10,10.393825505425463,28,103300,0.9036385007648491,933458.571290089,2,Low,0.02,Medium,0.25,Low,0,58,9.0,0,,0,7,42.0,True,OPPORTUNITY
20260824,17,LAP-015,Vertex,32,512,[],0,21,21.419653430172396,54,50860,1.0198209791625639,1089229.995004368,7,High,0.1,Medium,0.25,High,3,108,10.0,0,,0,48,50.0,True,BASELINE_ACCEPT
20260824,18,LAP-049,Nova,16,256,"[""LAP-009"",""LAP-014"",""LAP-019"",""LAP-029"",""LAP-034"",""LAP-039""]",1,7,7.255915151756933,20,117210,0.9554230285432705,783895.9322288972,3,Medium,0.05,High,0.5,Low,0,17,5.0,0,,0,6,6.0,False,CONSTRAINT_CONFLICT
20260824,19,LAP-011,Aster,32,512,"[""LAP-016"",""LAP-031"",""LAP-036""]",1,18,18.491047447208146,65,47120,0.8147663405929709,691052.2194373342,3,Medium,0.05,Medium,0.25,Medium,2,146,20.0,0,,0,25,101.0,True,OPPORTUNITY
20260824,20,LAP-030,Vertex,16,1024,"[""LAP-035"",""LAP-040""]",1,15,14.97982477168805,37,63920,0.9011080919207094,863982.4385335762,5,Low,0.02,Medium,0.25,Low,0,91,11.0,0,,0,23,57.0,True,OPPORTUNITY
20260824,21,LAP-017,Byte,64,512,"[""LAP-037""]",1,45,44.83654865656209,45,41040,0.943157466838326,1741823.2097570205,5,Low,0.02,Low,0.1,Low,0,83,18.0,0,,0,28,37.0,False,HARD_REJECT
20260824,22,LAP-012,Byte,32,512,[],0,4,4.441656504480686,43,37160,0.9508860747528389,141339.70615126198,2,Medium,0.05,Low,0.1,Low,0,69,18.0,0,,0,11,40.0,True,BASELINE_ACCEPT
20260824,23,LAP-049,Nova,16,256,"[""LAP-009"",""LAP-014"",""LAP-019"",""LAP-029"",""LAP-034"",""LAP-039""]",1,9,8.92911019578033,20,117210,0.9288013267246094,979783.2315485232,10,Medium,0.05,Medium,0.25,Medium,2,17,5.0,0,,0,17,-5.0,False,CONSTRAINT_CONFLICT
20260824,24,LAP-042,Byte,8,256,[],0,17,17.270257075050203,27,84040,1.0370437169073556,1481603.6174712009,10,Low,0.02,High,0.5,Low,0,30,1.0,0,,0,34,-5.0,False,HARD_REJECT
20260824,25,LAP-046,Aster,16,256,[],0,9,8.742486410906505,20,88820,0.8709735146242192,696238.8081203083,3,Medium,0.05,Low,0.1,High,3,15,5.0,0,,0,6,4.0,False,HARD_REJECT
20260824,26,LAP-006,Aster,16,256,[],0,49,48.52298598941611,53,34710,0.8756405749740178,1489280.7335100598,5,Medium,0.05,Low,0.1,Medium,2,124,15.0,33,8.0,0,33,76.0,True,BASELINE_ACCEPT
20260824,27,LAP-029,Nova,16,1024,"[""LAP-034"",""LAP-039""]",1,11,11.006172511374475,26,70420,0.9969737328558809,772275.7929448225,5,Medium,0.05,Low,0.1,Medium,2,45,3.0,23,9.0,0,17,25.0,True,OPPORTUNITY
20260824,28,LAP-007,Byte,16,256,[],0,6,6.354229362133209,36,26850,1.0499851497921318,169152.60763151242,10,Low,0.02,Low,0.1,Medium,2,57,6.0,61,7.0,61,44,68.0,True,OPPORTUNITY
20260824,29,LAP-040,Vertex,64,2048,[],1,7,7.328394927503087,29,60870,0.9873087801003506,420682.3981129584,5,High,0.1,High,0.5,Low,0,47,4.0,0,,0,18,25.0,True,OPPORTUNITY
20260824,30,LAP-036,Aster,64,2048,[],0,15,14.756447959057102,46,63850,1.0623622666253971,1017477.4608604742,7,Medium,0.05,Medium,0.25,Medium,2,109,18.0,0,,0,41,50.0,True,BASELINE_ACCEPT
20260824,31,LAP-032,Byte,32,2048,"[""LAP-037""]",1,28,83.09668336194757,28,57010,1.0187024190080265,1626134.2974141326,5,Medium,0.05,Medium,0.25,Low,0,38,1.0,38,5.0,38,18,57.0,True,OPPORTUNITY
20260824,32,LAP-047,Byte,16,256,[],0,6,6.420437148764601,23,73300,1.0103982286226048,444373.14094822155,7,Low,0.02,Low,0.1,Low,0,42,7.0,0,,0,20,15.0,True,OPPORTUNITY
20260824,33,LAP-020,Vertex,64,512,[],0,13,12.726759978008968,38,40710,0.990899930420729,524413.9701765624,5,Medium,0.05,Low,0.1,Medium,2,89,5.0,61,7.0,0,24,60.0,True,OPPORTUNITY
20260824,34,LAP-009,Nova,16,256,"[""LAP-014"",""LAP-019"",""LAP-029"",""LAP-034"",""LAP-039"",""LAP-049""]",1,13,13.129497551282848,71,47820,0.998431815948187,620685.1227023499,7,High,0.1,High,0.5,Low,0,88,6.0,0,,0,62,20.0,True,OPPORTUNITY
20260824,35,LAP-031,Aster,32,2048,"[""LAP-036""]",1,23,23.39799315404268,32,64830,0.8095539072285723,1207117.7355294519,7,Low,0.02,Low,0.1,High,3,31,4.0,31,4.0,31,28,30.0,True,OPPORTUNITY
20260824,36,LAP-028,CoreX,16,1024,"[""LAP-033"",""LAP-038""]",1,10,10.020074040571018,27,52120,0.9598106464317683,500253.30892023764,2,Low,0.02,High,0.5,Low,0,56,7.0,33,10.0,0,7,42.0,True,OPPORTUNITY
20260824,37,LAP-022,Byte,8,1024,[],0,9,9.410433625290763,45,41410,0.8395793798862067,312902.83908979036,7,Medium,0.05,High,0.5,Low,0,61,5.0,0,,0,39,17.0,True,OPPORTUNITY
20260824,38,LAP-044,Nova,8,256,[],0,7,7.434260103813432,28,103300,0.8889977080229416,642834.2426713891,3,Low,0.02,Low,0.1,Low,0,58,9.0,0,,0,11,38.0,True,OPPORTUNITY
20260824,39,LAP-003,CoreX,8,256,"[""LAP-008"",""LAP-013"",""LAP-018"",""LAP-023"",""LAP-028"",""LAP-033"",""LAP-038"",""LAP-043"",""LAP-048""]",1,41,40.839403710504385,113,32360,0.7750019364096001,1028241.569150801,3,Medium,0.05,Low,0.1,Medium,2,239,26.0,183,10.0,0,43,170.0,True,OPPORTUNITY
20260824,40,LAP-037,Byte,64,2048,[],0,14,14.192351816218777,37,66430,0.8751211072371669,813880.1321527099,10,Medium,0.05,Medium,0.25,High,3,51,4.0,0,,0,47,0.0,False,HARD_REJECT
20260824,41,LAP-045,Vertex,8,256,[],0,11,10.77110891931412,20,91230,0.9034390210585015,906628.160802838,5,High,0.1,High,0.5,High,3,21,7.0,17,6.0,0,12,2.0,False,CONSTRAINT_CONFLICT
20260824,42,LAP-002,Byte,8,256,[],0,3,2.9087753283585904,56,30490,1.0555260787246648,96548.97042094509,3,Low,0.02,Low,0.1,Medium,2,118,14.0,70,4.0,0,21,83.0,True,OPPORTUNITY
20260824,43,LAP-035,Vertex,32,2048,[],0,10,9.702139155003044,23,70250,0.9805718208368754,688851.704137905,5,Medium,0.05,Low,0.1,Medium,2,47,12.0,0,,0,14,21.0,True,OPPORTUNITY
20260824,44,LAP-009,Nova,16,256,[],0,20,20.285049791162333,71,47820,0.9849374948625615,941994.2200865538,10,Low,0.02,Medium,0.25,Medium,2,88,6.0,0,,0,88,-6.0,False,HARD_REJECT
20260824,45,LAP-036,Aster,64,2048,[],0,3,2.792230593792315,46,63850,0.9144455538237936,175162.04583494767,10,Medium,0.05,Low,0.1,Low,0,109,18.0,0,,0,58,33.0,True,BASELINE_ACCEPT
20260824,46,LAP-018,CoreX,64,512,[],0,44,44.05373720267301,65,48660,0.8972681713008529,1921087.045481978,5,Low,0.02,Low,0.1,Medium,2,73,24.0,0,,0,41,8.0,False,HARD_REJECT
20260824,47,LAP-019,Nova,64,512,[],0,10,10.3024106240783,45,50870,0.8102428164644114,412170.5207354461,3,High,0.1,Medium,0.25,Medium,2,62,3.0,0,,0,17,42.0,True,OPPORTUNITY
20260824,48,LAP-029,Nova,16,1024,[],0,12,12.271236027811826,26,70420,1.0196802123987196,861670.566685414,5,Low,0.02,Low,0.1,Medium,2,45,3.0,23,9.0,0,17,25.0,True,OPPORTUNITY
20260824,49,LAP-049,Nova,16,256,[],0,20,22.224295978114327,20,117210,0.8524405601712227,1998291.1611533803,5,Low,0.02,Low,0.1,High,3,17,5.0,0,,0,9,3.0,False,HARD_REJECT
20260824,50,LAP-041,Aster,8,256,[],0,5,4.82810235002384,20,81770,0.7839939044614638,320535.9078390695,3,Medium,0.05,Medium,0.25,Low,0,40,0.0,35,7.0,0,8,32.0,True,OPPORTUNITY
20260824,51,LAP-007,Byte,16,256,[],0,11,11.008542313651422,36,26850,0.8734804847275371,257982.4611642781,3,Medium,0.05,High,0.5,Low,0,57,6.0,61,7.0,0,14,37.0,True,OPPORTUNITY
20260824,52,LAP-023,CoreX,8,1024,[],0,13,12.613610481199714,43,40220,0.9023022975905836,471777.77931821253,2,Low,0.02,Medium,0.25,High,3,91,13.0,43,2.0,43,11,110.0,True,OPPORTUNITY
20260824,53,LAP-019,Nova,64,512,"[""LAP-039""]",1,35,34.798808105502836,45,50870,1.145441987157704,2039402.186034934,5,Low,0.02,Medium,0.25,Medium,2,62,3.0,0,,0,29,30.0,False,CONSTRAINT_CONFLICT
20260824,54,LAP-046,Aster,16,256,"[""LAP-006"",""LAP-011"",""LAP-016"",""LAP-026"",""LAP-031"",""LAP-036""]",1,4,4.408749154049848,20,88820,0.918834565176449,326443.5443158888,7,Medium,0.05,Medium,0.25,Low,0,15,5.0,0,,0,14,-4.0,False,CONSTRAINT_CONFLICT
20260824,55,LAP-023,CoreX,8,1024,[],0,13,13.127841713900452,43,40220,0.9130659141523888,477405.643873718,3,Low,0.02,Low,0.1,High,3,91,13.0,43,2.0,43,17,104.0,True,OPPORTUNITY
20260824,56,LAP-019,Nova,64,512,[],0,10,9.876370380780443,45,50870,0.9477195366210102,482104.92827910784,7,Low,0.02,Low,0.1,Low,0,62,3.0,0,,0,40,19.0,True,OPPORTUNITY
20260824,57,LAP-024,Nova,8,1024,[],0,17,16.578719510540232,45,55190,0.8578771060335816,804886.0371938873,3,Medium,0.05,Low,0.1,Low,0,72,15.0,0,,0,17,40.0,True,BASELINE_ACCEPT
20260824,58,LAP-030,Vertex,16,1024,"[""LAP-035"",""LAP-040""]",1,8,8.438215258503325,37,63920,0.8497601441432057,434533.34730906965,5,Low,0.02,High,0.5,Low,0,91,11.0,0,,0,23,57.0,True,OPPORTUNITY
20260824,59,LAP-023,CoreX,8,1024,[],0,15,15.08296759723405,43,40220,0.7195188205127799,434085.7044153601,5,Low,0.02,Low,0.1,Low,0,91,13.0,43,2.0,43,27,94.0,True,OPPORTUNITY
20260824,60,LAP-013,CoreX,32,512,[],0,4,3.9030336902255205,36,41240,0.9791574560634506,161521.8139522268,10,Medium,0.05,High,0.5,Low,0,76,12.0,53,7.0,53,45,72.0,True,OPPORTUNITY
20260824,61,LAP-001,Aster,8,256,"[""LAP-006"",""LAP-011"",""LAP-016"",""LAP-021"",""LAP-026"",""LAP-031"",""LAP-036"",""LAP-041"",""LAP-046""]",1,89,122.36715231395372,89,28840,0.8478584619306186,2176249.185745035,7,Low,0.02,Medium,0.25,Low,0,188,21.0,0,,0,78,89.0,True,OPPORTUNITY
20260824,62,LAP-034,Nova,32,2048,[],0,25,24.512909627402358,29,54610,0.8588074753887549,1172486.9057744977,2,Low,0.02,High,0.5,Medium,2,51,15.0,54,3.0,0,8,28.0,True,OPPORTUNITY
20260824,63,LAP-030,Vertex,16,1024,"[""LAP-035"",""LAP-040""]",1,22,22.050218766429232,37,63920,0.8268669825761593,1162773.4255778983,5,Medium,0.05,Medium,0.25,Low,0,91,11.0,0,,0,23,57.0,True,OPPORTUNITY
20260824,64,LAP-038,CoreX,64,2048,[],1,26,26.106123920233813,31,61880,0.6956909800090186,1119283.30391691,7,Medium,0.05,Low,0.1,Low,0,61,9.0,30,6.0,30,27,55.0,True,OPPORTUNITY
20260824,65,LAP-004,Nova,8,256,[],0,10,9.530276572666212,52,28000,1.143574913931294,320200.97590076237,3,Low,0.02,Low,0.1,Low,0,116,11.0,0,,0,20,85.0,True,OPPORTUNITY
20260824,66,LAP-047,Byte,16,256,[],0,3,2.948720586025094,23,73300,0.8338319055876808,183359.63603873103,3,Medium,0.05,Medium,0.25,Medium,2,42,7.0,0,,0,9,26.0,True,OPPORTUNITY
20260824,67,LAP-049,Nova,16,256,[],0,3,3.2821517929116317,20,117210,1.0162734917506207,357352.2479042707,7,Medium,0.05,Low,0.1,Medium,2,17,5.0,0,,0,12,0.0,False,HARD_REJECT
20260824,68,LAP-037,Byte,64,2048,[],0,25,25.043078575920152,37,66430,0.9804887504246546,1628346.692267745,3,Low,0.02,Low,0.1,Low,0,51,4.0,0,,0,14,33.0,True,OPPORTUNITY
20260824,69,LAP-040,Vertex,64,2048,[],0,6,6.376792269814681,29,60870,1.0310176980303292,376548.2836746368,3,Low,0.02,Medium,0.25,Low,0,47,4.0,0,,0,11,32.0,True,OPPORTUNITY
20260824,70,LAP-008,CoreX,16,256,"[""LAP-013"",""LAP-018"",""LAP-028"",""LAP-033"",""LAP-038"",""LAP-048""]",1,20,19.730743627482827,63,32230,0.8860444454416075,571144.2495316602,7,Medium,0.05,Medium,0.25,Medium,2,141,11.0,0,,0,55,75.0,True,OPPORTUNITY
20260824,71,LAP-027,Byte,16,1024,[],0,60,62.089137078399695,60,43910,1.0151620333281608,2674545.8930063723,7,Low,0.02,Medium,0.25,Low,0,149,14.0,0,,0,53,82.0,True,BASELINE_ACCEPT
20260824,72,LAP-008,CoreX,16,256,[],0,22,21.548208973169245,63,32230,0.8671697347552951,614875.3721255895,3,High,0.1,Low,0.1,Low,0,141,11.0,0,,0,24,106.0,True,OPPORTUNITY
20260824,73,LAP-047,Byte,16,256,[],0,3,2.8926401436303153,23,73300,1.025421041764945,225490.0870841114,5,Low,0.02,Low,0.1,Low,0,42,7.0,0,,0,15,20.0,True,OPPORTUNITY
20260824,74,LAP-038,CoreX,64,2048,[],0,19,19.425073208635823,31,61880,1.0630081918204426,1249799.9912871309,2,High,0.1,Medium,0.25,Low,0,61,9.0,30,6.0,0,8,44.0,True,OPPORTUNITY
20260824,75,LAP-024,Nova,8,1024,[],0,14,13.55093540097341,45,55190,0.9986843673968354,771643.4633128388,5,Low,0.02,High,0.5,Medium,2,72,15.0,0,,0,28,29.0,True,BASELINE_ACCEPT
20260824,76,LAP-001,Aster,8,256,"[""LAP-006"",""LAP-011"",""LAP-016"",""LAP-021"",""LAP-026"",""LAP-031"",""LAP-036"",""LAP-041"",""LAP-046""]",1,21,21.487539271263593,89,28840,1.0637833990873173,644269.7778232428,5,Medium,0.05,Low,0.1,Medium,2,188,21.0,0,,0,56,111.0,True,OPPORTUNITY
20260824,77,LAP-019,Nova,64,512,"[""LAP-039""]",1,18,17.52799619084108,45,50870,0.8945188975976335,819075.173774249,3,Low,0.02,Low,0.1,Medium,2,62,3.0,0,,0,17,42.0,True,OPPORTUNITY
20260824,78,LAP-047,Byte,16,256,[],0,17,17.022881560119437,23,73300,0.893348914087193,1113202.0818440511,3,Low,0.02,Medium,0.25,Medium,2,42,7.0,0,,0,9,26.0,True,OPPORTUNITY
20260824,79,LAP-026,Aster,16,1024,"[""LAP-031"",""LAP-036""]",1,14,14.02576688376569,38,41610,0.9290655265979971,541217.8318643973,7,Low,0.02,Medium,0.25,Medium,2,93,9.0,0,,0,33,51.0,True,OPPORTUNITY
20260824,80,LAP-025,Vertex,8,1024,[],0,7,7.344150166477185,34,35260,0.8968545227252002,221361.6332990339,3,High,0.1,Low,0.1,Low,0,33,5.0,54,7.0,0,13,15.0,True,OPPORTUNITY
20260824,81,LAP-038,CoreX,64,2048,[],0,6,5.705300268857531,31,61880,1.0671067897202553,396195.4088873364,3,Medium,0.05,Medium,0.25,Medium,2,61,9.0,30,6.0,0,12,40.0,True,OPPORTUNITY
20260824,82,LAP-032,Byte,32,2048,[],0,5,4.732254227468433,28,57010,0.8235691131660574,234758.37570798467,5,Low,0.02,Low,0.1,High,3,38,1.0,38,5.0,38,18,57.0,True,OPPORTUNITY
20260824,83,LAP-037,Byte,64,2048,[],0,10,10.090540214191456,37,66430,0.8501346322032489,564744.4361726183,7,Low,0.02,Medium,0.25,Low,0,51,4.0,0,,0,33,14.0,True,OPPORTUNITY
20260824,84,LAP-043,CoreX,8,256,[],0,20,19.740195618208805,20,84550,0.9314343053289749,1575055.4103112966,3,Low,0.02,Low,0.1,Medium,2,47,0.0,0,,0,7,40.0,True,OPPORTUNITY
20260824,85,LAP-028,CoreX,16,1024,[],0,24,23.638273534644178,27,52120,0.8552010015331116,1069753.8287977388,5,High,0.1,Medium,0.25,Low,0,56,7.0,33,10.0,0,17,32.0,True,OPPORTUNITY
20260824,86,LAP-046,Aster,16,256,[],0,6,6.454306136585831,20,88820,0.9438308394834114,502986.3309774996,5,Low,0.02,Low,0.1,Low,0,15,5.0,0,,0,10,0.0,False,HARD_REJECT
20260824,87,LAP-039,Nova,64,2048,[],1,5,5.47719363652845,49,57140,0.9067971529613383,259071.94660105437,5,Medium,0.05,Low,0.1,Medium,2,79,6.0,43,10.0,0,31,42.0,True,BASELINE_ACCEPT
20260824,88,LAP-030,Vertex,16,1024,"[""LAP-035"",""LAP-040""]",1,36,35.8836104380211,37,63920,0.9680357502144634,2227566.425533506,10,Medium,0.05,Low,0.1,Low,0,91,11.0,0,,0,46,34.0,False,CONSTRAINT_CONFLICT
20260824,89,LAP-036,Aster,64,2048,[],0,15,14.527608470501733,46,63850,0.7779634192328583,745094.46477027,7,Low,0.02,Medium,0.25,Low,0,109,18.0,0,,0,41,50.0,True,BASELINE_ACCEPT
20260824,90,LAP-046,Aster,16,256,"[""LAP-006"",""LAP-011"",""LAP-016"",""LAP-026"",""LAP-031"",""LAP-036""]",1,6,6.006239151810935,20,88820,0.8440086268268493,449789.0774085645,5,High,0.1,Low,0.1,High,3,15,5.0,0,,0,10,0.0,False,CONSTRAINT_CONFLICT
20260824,91,LAP-014,Nova,32,512,"[""LAP-019"",""LAP-034"",""LAP-039""]",1,6,5.856370378486151,42,45030,1.0090368570501338,272621.57803780516,2,High,0.1,High,0.5,Medium,2,42,3.0,0,,0,11,28.0,True,OPPORTUNITY
20260824,92,LAP-016,Aster,64,512,[],0,13,13.00862943867127,53,47830,0.9697934335250177,603007.8590315208,7,Medium,0.05,Medium,0.25,High,3,92,19.0,0,,0,46,27.0,True,OPPORTUNITY
20260824,93,LAP-036,Aster,64,2048,[],0,22,21.816429128611958,46,63850,0.9593682173317962,1347624.5348859741,5,Low,0.02,Medium,0.25,Low,0,109,18.0,0,,0,29,62.0,True,BASELINE_ACCEPT
20260824,94,LAP-043,CoreX,8,256,[],0,6,6.099948945012459,20,84550,0.9581551203898679,486072.09257378,5,Medium,0.05,Low,0.1,Medium,2,47,0.0,0,,0,12,35.0,True,OPPORTUNITY
20260824,95,LAP-002,Byte,8,256,"[""LAP-007"",""LAP-012"",""LAP-017"",""LAP-022"",""LAP-027"",""LAP-032"",""LAP-037"",""LAP-042"",""LAP-047""]",1,15,14.812358036875,56,30490,0.9868906416206541,451354.43494520616,7,Low,0.02,Medium,0.25,Medium,2,118,14.0,70,4.0,70,49,125.0,True,OPPORTUNITY
20260824,96,LAP-023,CoreX,8,1024,[],0,23,23.013830205562755,43,40220,0.866355996692312,801431.2783001901,5,Medium,0.05,Low,0.1,Medium,2,91,13.0,43,2.0,43,27,94.0,True,OPPORTUNITY
20260824,97,LAP-016,Aster,64,512,[],0,17,17.345392931178505,53,47830,0.851279576491839,692183.9364412792,7,Low,0.02,Medium,0.25,Low,0,92,19.0,0,,0,46,27.0,True,OPPORTUNITY
20260824,98,LAP-033,CoreX,32,2048,[],0,14,13.926297139675022,37,65810,1.0684992181894326,984451.0696866518,5,Medium,0.05,Low,0.1,Low,0,86,4.0,0,,0,23,59.0,True,BASELINE_ACCEPT
20260824,99,LAP-029,Nova,16,1024,"[""LAP-034"",""LAP-039""]",1,8,7.666895161599456,26,70420,0.8989233701846236,506417.4698272096,7,Low,0.02,Low,0.1,High,3,45,3.0,23,9.0,0,23,19.0,True,OPPORTUNITY
20260824,100,LAP-043,CoreX,8,256,[],0,6,6.287199432129943,20,84550,0.8833069756906407,448101.628767862,3,Medium,0.05,Low,0.1,Medium,2,47,0.0,0,,0,7,40.0,True,OPPORTUNITY
20260825,1,LAP-031,Aster,32,2048,[],0,8,7.764242708026878,32,64830,0.8031135777804604,416526.825980058,7,Medium,0.05,High,0.5,Medium,2,31,4.0,31,4.0,31,28,30.0,True,OPPORTUNITY
20260825,2,LAP-035,Vertex,32,2048,[],0,9,8.590084554460972,23,70250,0.9052042371402478,572315.3789319217,7,Low,0.02,Low,0.1,Low,0,47,12.0,0,,0,20,15.0,True,OPPORTUNITY
20260825,3,LAP-039,Nova,64,2048,[],0,6,6.226827633270497,49,57140,0.8498884463864059,291375.7549591154,7,Medium,0.05,Low,0.1,High,3,79,6.0,43,10.0,0,43,30.0,True,BASELINE_ACCEPT
20260825,4,LAP-003,CoreX,8,256,"[""LAP-008"",""LAP-013"",""LAP-018"",""LAP-023"",""LAP-028"",""LAP-033"",""LAP-038"",""LAP-043"",""LAP-048""]",1,113,115.69624598877158,113,32360,0.9866076273345725,3607708.378721785,5,Low,0.02,Low,0.1,Medium,2,239,26.0,183,10.0,0,71,142.0,True,OPPORTUNITY
20260825,5,LAP-005,Vertex,8,256,"[""LAP-010"",""LAP-015"",""LAP-020"",""LAP-025"",""LAP-030"",""LAP-035"",""LAP-040"",""LAP-045"",""LAP-050""]",1,31,31.28852565703086,74,29990,0.8524823859057777,792544.3493527425,5,Medium,0.05,Medium,0.25,Low,0,101,10.0,0,,0,47,44.0,True,OPPORTUNITY
20260825,6,LAP-041,Aster,8,256,[],0,10,10.126014121007925,20,81770,0.9718402253046386,794673.752231603,3,Low,0.02,Medium,0.25,High,3,40,0.0,35,7.0,0,8,32.0,True,OPPORTUNITY
20260825,7,LAP-020,Vertex,64,512,[],0,31,31.4630656089553,38,40710,0.8545329047891036,1078429.0711728965,7,Low,0.02,High,0.5,Low,0,89,5.0,61,7.0,61,33,112.0,True,OPPORTUNITY
20260825,8,LAP-010,Vertex,16,256,"[""LAP-015"",""LAP-020"",""LAP-030"",""LAP-035"",""LAP-040"",""LAP-050""]",1,14,14.489826815069657,51,49440,0.9007473176569856,623461.2633894591,5,Medium,0.05,Low,0.1,Medium,2,107,10.0,0,,0,32,65.0,True,OPPORTUNITY
20260825,9,LAP-033,CoreX,32,2048,[],0,16,16.09354703083902,37,65810,0.7896221302491891,831440.5182671862,5,Low,0.02,Medium,0.25,Low,0,86,4.0,0,,0,23,59.0,True,BASELINE_ACCEPT
20260825,10,LAP-014,Nova,32,512,"[""LAP-019"",""LAP-034"",""LAP-039""]",1,24,24.114140038338665,42,45030,0.8400771729784272,907888.2023812459,5,Low,0.02,High,0.5,High,3,42,3.0,0,,0,27,12.0,False,CONSTRAINT_CONFLICT
20260825,11,LAP-009,Nova,16,256,"[""LAP-014"",""LAP-019"",""LAP-029"",""LAP-034"",""LAP-039"",""LAP-049""]",1,71,84.59633860892615,71,47820,0.8515912619610349,2891339.6844353448,3,Medium,0.05,Low,0.1,Medium,2,88,6.0,0,,0,27,55.0,False,CONSTRAINT_CONFLICT
20260825,12,LAP-008,CoreX,16,256,"[""LAP-013"",""LAP-018"",""LAP-028"",""LAP-033"",""LAP-038"",""LAP-048""]",1,17,16.538922549546662,63,32230,0.9678493209275681,530294.3214294239,3,Low,0.02,Low,0.1,Low,0,141,11.0,0,,0,24,106.0,True,OPPORTUNITY
20260825,13,LAP-026,Aster,16,1024,[],0,9,9.116597634647288,38,41610,0.9646523617541015,361252.6629532935,7,Low,0.02,Medium,0.25,Low,0,93,9.0,0,,0,33,51.0,True,OPPORTUNITY
20260825,14,LAP-005,Vertex,8,256,"[""LAP-010"",""LAP-015"",""LAP-020"",""LAP-025"",""LAP-030"",""LAP-035"",""LAP-040"",""LAP-045"",""LAP-050""]",1,17,17.083466970989114,74,29990,0.8913160725766957,454419.6732817767,5,High,0.1,High,0.5,Medium,2,101,10.0,0,,0,47,44.0,True,OPPORTUNITY
20260825,15,LAP-012,Byte,32,512,[],0,15,14.690724766606762,43,37160,1.0516118954272375,586168.4705111422,5,Low,0.02,High,0.5,High,3,69,18.0,0,,0,27,24.0,True,BASELINE_ACCEPT
20260825,16,LAP-007,Byte,16,256,[],0,12,11.720852034591656,36,26850,0.7623286824341606,245622.30148028655,7,Medium,0.05,Low,0.1,Low,0,57,6.0,61,7.0,61,31,81.0,True,OPPORTUNITY
20260825,17,LAP-039,Nova,64,2048,[],1,36,35.61307272820194,49,57140,0.910369680323467,1872666.8472125845,5,Medium,0.05,High,0.5,Medium,2,79,6.0,43,10.0,0,31,42.0,True,BASELINE_ACCEPT
20260825,18,LAP-003,CoreX,8,256,[],0,54,53.97992241040015,113,32360,0.9389501483771081,1640759.047280094,5,High,0.1,Low,0.1,High,3,239,26.0,183,10.0,0,71,142.0,True,BASELINE_ACCEPT
20260825,19,LAP-014,Nova,32,512,"[""LAP-019"",""LAP-034"",""LAP-039""]",1,7,7.119229994857105,42,45030,0.83007304344119,261647.32402309752,5,Medium,0.05,Medium,0.25,High,3,42,3.0,0,,0,27,12.0,True,OPPORTUNITY
20260825,20,LAP-008,CoreX,16,256,[],0,20,20.478782145729507,63,32230,0.8742037167324621,563511.7158057451,7,Medium,0.05,Low,0.1,Medium,2,141,11.0,0,,0,55,75.0,True,OPPORTUNITY
20260825,21,LAP-006,Aster,16,256,"[""LAP-011"",""LAP-016"",""LAP-026"",""LAP-031"",""LAP-036"",""LAP-046""]",1,23,22.97322918357067,53,34710,0.874236311311521,697929.0744093265,3,Low,0.02,Low,0.1,Medium,2,124,15.0,33,8.0,0,20,89.0,True,OPPORTUNITY
20260825,22,LAP-010,Vertex,16,256,[],0,23,23.386056525948113,51,49440,0.9957028354020339,1132233.6081923607,7,Low,0.02,Low,0.1,Low,0,107,10.0,0,,0,45,52.0,True,OPPORTUNITY
20260825,23,LAP-003,CoreX,8,256,"[""LAP-008"",""LAP-013"",""LAP-018"",""LAP-023"",""LAP-028"",""LAP-033"",""LAP-038"",""LAP-043"",""LAP-048""]",1,45,44.921944859655035,113,32360,0.8129003930799442,1183745.5524030149,7,Medium,0.05,Medium,0.25,Medium,2,239,26.0,183,10.0,0,99,114.0,True,OPPORTUNITY
20260825,24,LAP-037,Byte,64,2048,[],0,30,30.064898155566766,37,66430,0.9607187372373376,1914616.37144029,5,High,0.1,Low,0.1,Low,0,51,4.0,0,,0,24,23.0,False,HARD_REJECT
20260825,25,LAP-026,Aster,16,1024,"[""LAP-031"",""LAP-036""]",1,10,9.819856443769122,38,41610,0.8942753042486361,372107.95409785747,7,Low,0.02,High,0.5,Low,0,93,9.0,0,,0,33,51.0,True,OPPORTUNITY
20260825,26,LAP-032,Byte,32,2048,"[""LAP-037""]",1,8,7.515409925883283,28,57010,0.874119647407089,398668.4887894252,5,Low,0.02,Medium,0.25,Low,0,38,1.0,38,5.0,38,18,57.0,True,OPPORTUNITY
20260825,27,LAP-015,Vertex,32,512,"[""LAP-020"",""LAP-035"",""LAP-040""]",1,34,33.982553032040116,54,50860,0.8769243475664564,1516412.658785819,5,Low,0.02,Medium,0.25,High,3,108,10.0,0,,0,34,64.0,True,OPPORTUNITY
20260825,28,LAP-008,CoreX,16,256,"[""LAP-013"",""LAP-018"",""LAP-028"",""LAP-033"",""LAP-038"",""LAP-048""]",1,55,55.32798606985894,63,32230,0.9879233537877102,1751242.3330917845,10,Low,0.02,Medium,0.25,Low,0,141,11.0,0,,0,79,51.0,False,CONSTRAINT_CONFLICT
20260825,29,LAP-042,Byte,8,256,[],0,16,15.94951404752589,27,84040,0.8410917974317287,1130965.6744985997,3,High,0.1,Low,0.1,High,3,30,1.0,0,,0,11,18.0,True,BASELINE_ACCEPT
20260825,30,LAP-035,Vertex,32,2048,[],0,21,21.30082633621563,23,70250,0.9540402080351287,1407447.8169038235,3,Medium,0.05,Medium,0.25,Low,0,47,12.0,0,,0,9,26.0,True,OPPORTUNITY
20260825,31,LAP-050,Vertex,16,256,"[""LAP-010"",""LAP-015"",""LAP-020"",""LAP-030"",""LAP-035"",""LAP-040""]",1,8,8.158463136302478,20,116540,0.8987802911535345,837950.8410482634,2,Medium,0.05,Low,0.1,Medium,2,27,0.0,15,8.0,0,3,24.0,True,OPPORTUNITY
20260825,32,LAP-030,Vertex,16,1024,[],0,25,25.055858078632642,37,63920,1.040862286262916,1663297.9334481398,5,Low,0.02,Low,0.1,Medium,2,91,11.0,0,,0,23,57.0,True,BASELINE_ACCEPT
20260825,33,LAP-032,Byte,32,2048,[],0,17,16.789128647324347,28,57010,0.9524041905796712,923041.5693840999,5,Low,0.02,Medium,0.25,Low,0,38,1.0,38,5.0,38,18,57.0,True,OPPORTUNITY
20260825,34,LAP-044,Nova,8,256,"[""LAP-004"",""LAP-009"",""LAP-014"",""LAP-019"",""LAP-024"",""LAP-029"",""LAP-034"",""LAP-039"",""LAP-049""]",1,17,17.305993600502998,28,103300,1.009997143966388,1773655.9845193739,5,High,0.1,Low,0.1,Medium,2,58,9.0,0,,0,17,32.0,True,OPPORTUNITY
20260825,35,LAP-008,CoreX,16,256,[],0,10,10.205913168004384,63,32230,1.0539256407938233,339680.2340278493,7,Low,0.02,High,0.5,Medium,2,141,11.0,0,,0,55,75.0,True,OPPORTUNITY
20260825,36,LAP-040,Vertex,64,2048,[],0,14,14.188697750374184,29,60870,0.9263639267740849,789428.8111183397,10,High,0.1,Low,0.1,High,3,47,4.0,0,,0,36,7.0,False,HARD_REJECT
20260825,37,LAP-018,CoreX,64,512,[],0,13,13.35897669271886,65,48660,0.9205661783546351,582331.7531035751,10,High,0.1,Low,0.1,Low,0,73,24.0,0,,0,81,-32.0,False,HARD_REJECT
20260825,38,LAP-050,Vertex,16,256,[],0,3,3.366315607205113,20,116540,0.8460779088793842,295805.7585024103,5,Low,0.02,Low,0.1,Low,0,27,0.0,15,8.0,0,8,19.0,True,OPPORTUNITY
20260825,39,LAP-035,Vertex,32,2048,"[""LAP-040""]",1,3,2.7421577276213,23,70250,0.997422298447448,210206.74939779966,5,Low,0.02,Medium,0.25,High,3,47,12.0,0,,0,14,21.0,True,OPPORTUNITY
20260825,40,LAP-004,Nova,8,256,"[""LAP-009"",""LAP-014"",""LAP-019"",""LAP-024"",""LAP-029"",""LAP-034"",""LAP-039"",""LAP-044"",""LAP-049""]",1,14,13.97302838493415,52,28000,0.957635899199144,375393.27248606447,3,Medium,0.05,High,0.5,Low,0,116,11.0,0,,0,20,85.0,True,OPPORTUNITY
20260825,41,LAP-041,Aster,8,256,[],0,7,6.59997404293542,20,81770,0.8634768299966342,494245.50272177346,10,High,0.1,High,0.5,Low,0,40,0.0,35,7.0,35,25,50.0,True,OPPORTUNITY
20260825,42,LAP-050,Vertex,16,256,[],0,10,10.27658817869498,20,116540,0.9920582710071726,1156144.7090317588,7,Low,0.02,Medium,0.25,Low,0,27,0.0,15,8.0,0,10,17.0,True,OPPORTUNITY
20260825,43,LAP-016,Aster,64,512,[],0,30,29.80068557967119,53,47830,1.0065047593045329,1444233.6791260743,3,Low,0.02,Medium,0.25,Low,0,92,19.0,0,,0,20,53.0,True,OPPORTUNITY
20260825,44,LAP-047,Byte,16,256,[],0,13,13.119582908101124,23,73300,1.136964946428721,1083413.8974519284,5,Medium,0.05,Medium,0.25,Low,0,42,7.0,0,,0,15,20.0,True,OPPORTUNITY
20260825,45,LAP-046,Aster,16,256,[],0,6,5.5054799034159725,20,88820,0.93756797596305,499648.72575022856,7,Low,0.02,Low,0.1,Medium,2,15,5.0,0,,0,14,-4.0,False,HARD_REJECT
20260825,46,LAP-038,CoreX,64,2048,[],0,10,9.657307079237489,31,61880,0.869351946388267,537954.9844250596,2,Low,0.02,Medium,0.25,Low,0,61,9.0,30,6.0,0,8,44.0,True,OPPORTUNITY
20260825,47,LAP-034,Nova,32,2048,[],0,5,4.7498245647895585,29,54610,0.9238544277551963,252258.45149855636,3,Medium,0.05,Medium,0.25,Medium,2,51,15.0,54,3.0,54,11,79.0,True,OPPORTUNITY
20260825,48,LAP-017,Byte,64,512,[],0,32,32.403203183670556,45,41040,0.9316789025875974,1223555.26919024,7,Low,0.02,Medium,0.25,Medium,2,83,18.0,0,,0,39,26.0,False,CONSTRAINT_CONFLICT
20260825,49,LAP-042,Byte,8,256,[],0,6,6.139311202216464,27,84040,0.9998268711675902,504152.7015175457,3,Low,0.02,High,0.5,Low,0,30,1.0,0,,0,11,18.0,True,BASELINE_ACCEPT
20260825,50,LAP-007,Byte,16,256,[],0,5,4.656138835324823,36,26850,0.9304507005032476,124913.006542561,5,Medium,0.05,Low,0.1,Low,0,57,6.0,61,7.0,0,22,29.0,True,OPPORTUNITY
20260825,51,LAP-049,Nova,16,256,"[""LAP-009"",""LAP-014"",""LAP-019"",""LAP-029"",""LAP-034"",""LAP-039""]",1,4,3.639374408472185,20,117210,1.023936099296386,480062.2007941176,2,High,0.1,Low,0.1,Low,0,17,5.0,0,,0,4,8.0,True,OPPORTUNITY
20260825,52,LAP-035,Vertex,32,2048,[],0,7,7.36907069705966,23,70250,0.9035858266781644,444338.3302689874,10,Medium,0.05,High,0.5,Low,0,47,12.0,0,,0,28,7.0,True,OPPORTUNITY
20260825,53,LAP-019,Nova,64,512,[],0,45,69.99125986438949,45,50870,0.8381274395847741,1918599.4283254857,5,Medium,0.05,Medium,0.25,Medium,2,62,3.0,0,,0,29,30.0,False,HARD_REJECT
20260825,54,LAP-008,CoreX,16,256,[],0,23,23.243255243307868,63,32230,0.9326057973202141,691331.3514955015,3,Medium,0.05,Low,0.1,Medium,2,141,11.0,0,,0,24,106.0,True,OPPORTUNITY
20260825,55,LAP-035,Vertex,32,2048,[],0,8,7.959543476051827,23,70250,0.872238202953552,490197.87005989626,5,Low,0.02,High,0.5,Low,0,47,12.0,0,,0,14,21.0,True,OPPORTUNITY
20260825,56,LAP-049,Nova,16,256,[],0,6,6.184431908517832,20,117210,0.9121940137173153,641509.5620868392,3,Low,0.02,Low,0.1,Low,0,17,5.0,0,,0,6,6.0,True,OPPORTUNITY
20260825,57,LAP-010,Vertex,16,256,"[""LAP-015"",""LAP-020"",""LAP-030"",""LAP-035"",""LAP-040"",""LAP-050""]",1,12,11.978014493759217,51,49440,0.7999192359749316,474576.08431920747,5,Low,0.02,Low,0.1,Low,0,107,10.0,0,,0,32,65.0,True,OPPORTUNITY
20260825,58,LAP-019,Nova,64,512,[],0,10,10.04951253111484,45,50870,0.9632340853631314,489997.17922422494,3,High,0.1,Low,0.1,Medium,2,62,3.0,0,,0,17,42.0,True,OPPORTUNITY
20260825,59,LAP-023,CoreX,8,1024,"[""LAP-028"",""LAP-033"",""LAP-038""]",1,3,3.259669565839624,43,40220,1.0564018802422035,127465.45087002427,7,Low,0.02,Low,0.1,Medium,2,91,13.0,43,2.0,43,38,83.0,True,OPPORTUNITY
20260825,60,LAP-034,Nova,32,2048,[],0,16,16.263736084210677,29,54610,1.0161782500325263,887895.9077484201,7,High,0.1,Low,0.1,Low,0,51,15.0,54,3.0,54,26,64.0,True,OPPORTUNITY
20260825,61,LAP-032,Byte,32,2048,[],0,6,6.094475051896033,28,57010,0.957541021261456,327536.4817326936,5,Medium,0.05,Low,0.1,High,3,38,1.0,38,5.0,38,18,57.0,True,OPPORTUNITY
20260825,62,LAP-030,Vertex,16,1024,"[""LAP-035"",""LAP-040""]",1,9,8.710244373262384,37,63920,1.0859255461945396,624711.2482147948,5,High,0.1,Medium,0.25,Low,0,91,11.0,0,,0,23,57.0,True,OPPORTUNITY
20260825,63,LAP-024,Nova,8,1024,[],0,8,8.357008953136537,45,55190,0.7228945137433994,319172.3857079857,7,Medium,0.05,Low,0.1,High,3,72,15.0,0,,0,40,17.0,True,BASELINE_ACCEPT
20260825,64,LAP-012,Byte,32,512,"[""LAP-017"",""LAP-032"",""LAP-037""]",1,3,2.5821083394206115,43,37160,0.9287811413948357,103540.52164269629,5,Low,0.02,Low,0.1,High,3,69,18.0,0,,0,27,24.0,True,OPPORTUNITY
20260825,65,LAP-017,Byte,64,512,"[""LAP-037""]",1,45,68.27976658981368,45,41040,0.884394580196733,1633299.9107073266,10,Low,0.02,Low,0.1,Low,0,83,18.0,0,,0,56,9.0,False,HARD_REJECT
20260825,66,LAP-011,Aster,32,512,"[""LAP-016"",""LAP-031"",""LAP-036""]",1,13,12.831964548548772,65,47120,0.8056678344770095,493519.88868723693,3,Medium,0.05,Medium,0.25,Low,0,146,20.0,0,,0,25,101.0,True,OPPORTUNITY
20260825,67,LAP-028,CoreX,16,1024,[],0,19,18.835942152867137,27,52120,0.9181693428790506,909244.7368662662,2,Low,0.02,Medium,0.25,Low,0,56,7.0,33,10.0,0,7,42.0,True,OPPORTUNITY
20260825,68,LAP-011,Aster,32,512,[],0,37,36.78407522873438,65,47120,0.9321465699342999,1625141.6158862559,3,Low,0.02,Low,0.1,Medium,2,146,20.0,0,,0,25,101.0,True,OPPORTUNITY
20260825,69,LAP-049,Nova,16,256,[],0,11,10.693273548148943,20,117210,0.8463814721530155,1091248.0958616044,3,Medium,0.05,Low,0.1,Low,0,17,5.0,0,,0,6,6.0,False,HARD_REJECT
20260825,70,LAP-045,Vertex,8,256,"[""LAP-005"",""LAP-010"",""LAP-015"",""LAP-020"",""LAP-025"",""LAP-030"",""LAP-035"",""LAP-040"",""LAP-050""]",1,6,5.605192737974746,20,91230,0.7414402778821667,405849.57930714043,5,Medium,0.05,Medium,0.25,Medium,2,21,7.0,17,6.0,0,12,2.0,False,CONSTRAINT_CONFLICT
20260825,71,LAP-016,Aster,64,512,"[""LAP-036""]",1,37,37.33275023999557,53,47830,0.959446691233889,1697942.4039435259,7,Medium,0.05,Low,0.1,Low,0,92,19.0,0,,0,46,27.0,False,CONSTRAINT_CONFLICT
20260825,72,LAP-029,Nova,16,1024,"[""LAP-034"",""LAP-039""]",1,7,6.629746992337712,26,70420,0.998365104646989,492134.09468468674,5,Low,0.02,Low,0.1,Low,0,45,3.0,23,9.0,0,17,25.0,True,OPPORTUNITY
20260825,73,LAP-027,Byte,16,1024,"[""LAP-032"",""LAP-037""]",1,45,45.389106658545046,60,43910,0.8627380060327158,1704727.1630203447,5,Low,0.02,Low,0.1,Low,0,149,14.0,0,,0,38,97.0,True,OPPORTUNITY
20260825,74,LAP-023,CoreX,8,1024,[],0,41,41.19908040371543,43,40220,0.9033325734497716,1489613.4802701424,7,Medium,0.05,Low,0.1,Low,0,91,13.0,43,2.0,43,38,83.0,True,OPPORTUNITY
20260825,75,LAP-031,Aster,32,2048,"[""LAP-036""]",1,20,20.00686108259302,32,64830,0.7851027730335889,1017964.2555153513,2,High,0.1,Medium,0.25,Medium,2,31,4.0,31,4.0,0,8,19.0,False,CONSTRAINT_CONFLICT
20260825,76,LAP-030,Vertex,16,1024,"[""LAP-035"",""LAP-040""]",1,35,35.01494040549589,37,63920,1.024524958966446,2292067.238199733,5,Low,0.02,Medium,0.25,High,3,91,11.0,0,,0,23,57.0,True,OPPORTUNITY
20260825,77,LAP-008,CoreX,16,256,[],0,20,19.524783304542147,63,32230,0.8247977604934266,531664.6364140628,7,Low,0.02,Medium,0.25,High,3,141,11.0,0,,0,55,75.0,True,OPPORTUNITY
20260825,78,LAP-047,Byte,16,256,[],0,7,6.956662102007439,23,73300,0.9316784777179964,478044.2269171039,5,Medium,0.05,Medium,0.25,Low,0,42,7.0,0,,0,15,20.0,True,OPPORTUNITY
20260825,79,LAP-026,Aster,16,1024,[],0,15,14.940812608996243,38,41610,0.8357117137986594,521609.46616743325,7,Medium,0.05,Medium,0.25,High,3,93,9.0,0,,0,33,51.0,True,OPPORTUNITY
20260825,80,LAP-037,Byte,64,2048,[],1,12,11.696928464257278,37,66430,0.791752558613617,631153.469624431,7,Low,0.02,Low,0.1,Low,0,51,4.0,0,,0,33,14.0,True,OPPORTUNITY
20260825,81,LAP-041,Aster,8,256,[],0,19,19.478296790181343,20,81770,0.8943794686859715,1389534.773934586,5,Medium,0.05,Medium,0.25,Low,0,40,0.0,35,7.0,0,13,27.0,True,OPPORTUNITY
20260825,82,LAP-006,Aster,16,256,"[""LAP-011"",""LAP-016"",""LAP-026"",""LAP-031"",""LAP-036"",""LAP-046""]",1,10,9.51645123656085,53,34710,0.8839867613144394,306831.80485224194,7,Low,0.02,High,0.5,Low,0,124,15.0,33,8.0,0,46,63.0,True,OPPORTUNITY
20260825,83,LAP-042,Byte,8,256,[],0,6,6.032162967491896,27,84040,0.9813450769998298,494833.44162639417,2,Medium,0.05,Low,0.1,Low,0,30,1.0,0,,0,7,22.0,True,BASELINE_ACCEPT
20260825,84,LAP-009,Nova,16,256,[],0,29,28.59068365094089,71,47820,1.2479933950467117,1730692.2803828788,7,Low,0.02,Medium,0.25,Low,0,88,6.0,0,,0,62,20.0,False,HARD_REJECT
20260825,85,LAP-024,Nova,8,1024,"[""LAP-029"",""LAP-034"",""LAP-039""]",1,10,10.403092114746705,45,55190,0.9293114575241819,512886.99340759596,2,Medium,0.05,Low,0.1,Low,0,72,15.0,0,,0,12,45.0,True,OPPORTUNITY
20260825,86,LAP-045,Vertex,8,256,[],0,8,8.451656097432707,20,91230,0.9449852742592832,689688.0525653952,7,Low,0.02,Low,0.1,Low,0,21,7.0,17,6.0,17,17,14.0,True,BASELINE_ACCEPT
20260825,87,LAP-028,CoreX,16,1024,[],0,9,8.979133415179714,27,52120,0.8547270690968731,400935.37357196125,5,Low,0.02,Medium,0.25,Medium,2,56,7.0,33,10.0,0,17,32.0,True,OPPORTUNITY
20260825,88,LAP-015,Vertex,32,512,[],0,28,28.06117969344459,54,50860,0.7138996077216618,1016650.1533642642,3,Low,0.02,Low,0.1,High,3,108,10.0,0,,0,21,77.0,True,BASELINE_ACCEPT
20260825,89,LAP-047,Byte,16,256,[],0,3,2.831381018383034,23,73300,0.9363030776255628,205893.04676986125,10,Medium,0.05,Low,0.1,Low,0,42,7.0,0,,0,29,6.0,True,OPPORTUNITY
20260825,90,LAP-046,Aster,16,256,[],0,3,3.2698203804041968,20,88820,0.9944016372042143,264968.2602494349,7,Low,0.02,High,0.5,High,3,15,5.0,0,,0,14,-4.0,False,HARD_REJECT
20260825,91,LAP-049,Nova,16,256,"[""LAP-009"",""LAP-014"",""LAP-019"",""LAP-029"",""LAP-034"",""LAP-039""]",1,9,9.295582077785978,20,117210,1.0433882402704753,1100659.8207789217,5,High,0.1,Medium,0.25,Medium,2,17,5.0,0,,0,9,3.0,False,CONSTRAINT_CONFLICT
20260825,92,LAP-031,Aster,32,2048,"[""LAP-036""]",1,17,16.531428168960435,32,64830,0.8994696372241924,991314.4818811547,10,Medium,0.05,High,0.5,Low,0,31,4.0,31,4.0,31,40,18.0,True,OPPORTUNITY
20260825,93,LAP-034,Nova,32,2048,"[""LAP-039""]",1,14,14.242409302516965,29,54610,0.8625174515392645,659429.0923998293,7,Medium,0.05,Low,0.1,Low,0,51,15.0,54,3.0,54,26,64.0,True,OPPORTUNITY
20260825,94,LAP-002,Byte,8,256,"[""LAP-007"",""LAP-012"",""LAP-017"",""LAP-022"",""LAP-027"",""LAP-032"",""LAP-037"",""LAP-042"",""LAP-047""]",1,27,27.208672255522057,56,30490,0.8270737346067741,680871.9105403346,10,Low,0.02,Medium,0.25,Low,0,118,14.0,70,4.0,70,70,104.0,True,OPPORTUNITY
20260825,95,LAP-027,Byte,16,1024,[],0,35,35.38635844943736,60,43910,0.9808222602682818,1507376.6906933088,7,Medium,0.05,Medium,0.25,Medium,2,149,14.0,0,,0,53,82.0,True,BASELINE_ACCEPT
20260825,96,LAP-033,CoreX,32,2048,[],0,9,9.146130663078258,37,65810,1.045566658784043,619278.6763312009,2,Low,0.02,Medium,0.25,Low,0,86,4.0,0,,0,10,72.0,True,BASELINE_ACCEPT
20260825,97,LAP-031,Aster,32,2048,[],0,7,7.085405523147223,32,64830,0.8381532618758406,380362.3317718752,5,Medium,0.05,Low,0.1,Low,0,31,4.0,31,4.0,31,20,38.0,True,OPPORTUNITY
20260825,98,LAP-020,Vertex,64,512,"[""LAP-040""]",1,37,37.053599485560085,38,40710,0.9645165529007964,1452822.3481378825,7,Low,0.02,Low,0.1,Medium,2,89,5.0,61,7.0,61,33,112.0,True,OPPORTUNITY
20260825,99,LAP-040,Vertex,64,2048,[],1,9,9.266884331835625,29,60870,0.9966244351198932,545980.7642917311,7,Low,0.02,High,0.5,Medium,2,47,4.0,0,,0,26,17.0,True,OPPORTUNITY
20260825,100,LAP-050,Vertex,16,256,"[""LAP-010"",""LAP-015"",""LAP-020"",""LAP-030"",""LAP-035"",""LAP-040""]",1,3,3.2286907790221124,20,116540,0.9098088733170028,318087.3782890905,5,Low,0.02,Medium,0.25,Low,0,27,0.0,15,8.0,0,8,19.0,True,OPPORTUNITY
